Date,TIP
2003-12-05,49.330039978027344
2003-12-08,49.28642654418945
2003-12-09,49.160499572753906
2003-12-10,49.29125213623047
2003-12-11,49.484989166259766
2003-12-12,49.44624710083008
2003-12-15,49.339698791503906
2003-12-16,49.28642654418945
2003-12-17,49.27187728881836
2003-12-18,49.484989166259766
2003-12-19,49.46078872680664
2003-12-22,49.407493591308594
2003-12-23,49.160499572753906
2003-12-24,49.43655776977539
2003-12-26,49.52375411987305
2003-12-29,49.37846374511719
2003-12-30,49.2476692199707
2003-12-31,49.31895446777344
2004-01-02,49.21227264404297
2004-01-05,49.144371032714844
2004-01-06,49.45956802368164
2004-01-07,49.498348236083984
2004-01-08,49.30921936035156
2004-01-09,49.68262481689453
2004-01-12,49.64381408691406
2004-01-13,49.88628387451172
2004-01-14,49.8959846496582
2004-01-15,49.95901107788086
2004-01-16,49.983245849609375
2004-01-20,49.939598083496094
2004-01-21,50.14326477050781
2004-01-22,50.22568893432617
2004-01-23,49.871707916259766
2004-01-26,49.68748474121094
2004-01-27,49.88628387451172
2004-01-28,49.68262481689453
2004-01-29,49.65837097167969
2004-01-30,49.92021179199219
2004-02-02,50.007503509521484
2004-02-03,50.09960174560547
2004-02-04,50.09960174560547
2004-02-05,49.94930648803711
2004-02-06,50.15296173095703
2004-02-09,50.25477981567383
2004-02-10,50.119022369384766
2004-02-11,50.32269287109375
2004-02-12,50.18207550048828
2004-02-13,50.569976806640625
2004-02-17,50.32269287109375
2004-02-18,50.33238220214844
2004-02-19,50.351810455322266
2004-02-20,50.21116638183594
2004-02-23,50.37114334106445
2004-02-24,50.477813720703125
2004-02-25,50.60875701904297
2004-02-26,50.700897216796875
2004-02-27,50.99184799194336
2004-03-01,51.287628173828125
2004-03-02,51.122772216796875
2004-03-03,51.083980560302734
2004-03-04,51.09850311279297
2004-03-05,51.583431243896484
2004-03-08,51.757957458496094
2004-03-09,51.92283630371094
2004-03-10,51.757957458496094
2004-03-11,51.627052307128906
2004-03-12,51.544647216796875
2004-03-15,51.66584396362305
2004-03-16,51.95680618286133
2004-03-17,52.170135498046875
2004-03-18,52.08289337158203
2004-03-19,51.80645751953125
2004-03-22,51.932559967041016
2004-03-23,52.01016616821289
2004-03-24,52.145931243896484
2004-03-25,52.07316207885742
2004-03-26,51.85012435913086
2004-03-29,51.68039321899414
2004-03-30,51.70462417602539
2004-03-31,51.84043884277344
2004-04-01,51.82091522216797
2004-04-02,51.065650939941406
2004-04-05,50.78306198120117
2004-04-06,50.86098861694336
2004-04-07,50.558921813964844
2004-04-08,50.59791564941406
2004-04-12,50.59791564941406
2004-04-13,50.33476638793945
2004-04-14,50.20317840576172
2004-04-15,50.09114074707031
2004-04-16,50.39809799194336
2004-04-19,50.39809799194336
2004-04-20,50.0083122253418
2004-04-21,50.0083122253418
2004-04-22,49.944923400878906
2004-04-23,49.43819046020508
2004-04-26,49.676944732666016
2004-04-27,49.852359771728516
2004-04-28,49.428466796875
2004-04-29,49.16533279418945
2004-04-30,49.340736389160156
2004-05-03,49.357398986816406
2004-05-04,49.38188171386719
2004-05-05,49.36228942871094
2004-05-06,49.18592834472656
2004-05-07,48.916500091552734
2004-05-10,48.882232666015625
2004-05-11,49.09775161743164
2004-05-12,49.16632843017578
2004-05-13,49.27415466308594
2004-05-14,49.396602630615234
2004-05-17,49.76890182495117
2004-05-18,49.852195739746094
2004-05-19,49.94525909423828
2004-05-20,50.185325622558594
2004-05-21,49.91097640991211
2004-05-24,50.09223556518555
2004-05-25,50.0383415222168
2004-05-26,50.229400634765625
2004-05-27,50.38617706298828
2004-05-28,50.33717346191406
2004-06-01,50.389469146728516
2004-06-02,50.13299560546875
2004-06-03,50.0047721862793
2004-06-04,49.886383056640625
2004-06-07,49.9307861328125
2004-06-08,49.70884704589844
2004-06-09,49.56584930419922
2004-06-10,49.62006759643555
2004-06-14,49.403079986572266
2004-06-15,49.82725524902344
2004-06-16,49.792701721191406
2004-06-17,49.886383056640625
2004-06-18,49.96034622192383
2004-06-21,50.02947235107422
2004-06-22,49.940670013427734
2004-06-23,49.96034622192383
2004-06-24,50.00969314575195
2004-06-25,49.98011016845703
2004-06-28,49.634891510009766
2004-06-29,49.822269439697266
2004-06-30,50.26617431640625
2004-07-01,50.50979995727539
2004-07-02,50.96540069580078
2004-07-06,50.83168411254883
2004-07-07,50.73262405395508
2004-07-08,50.75740051269531
2004-07-09,50.71282196044922
2004-07-12,50.65339660644531
2004-07-13,50.5791130065918
2004-07-14,50.5791130065918
2004-07-15,50.683109283447266
2004-07-16,50.930702209472656
2004-07-19,50.906002044677734
2004-07-20,50.53950881958008
2004-07-21,50.59891891479492
2004-07-22,50.63361740112305
2004-07-23,50.74747085571289
2004-07-26,50.5791130065918
2004-07-27,50.10374069213867
2004-07-28,50.25721740722656
2004-07-29,50.395904541015625
2004-07-30,50.673213958740234
2004-08-02,50.72798156738281
2004-08-03,50.832496643066406
2004-08-04,50.802635192871094
2004-08-05,50.95698547363281
2004-08-06,51.49961471557617
2004-08-09,51.4697151184082
2004-08-10,51.27058410644531
2004-08-11,51.474708557128906
2004-08-12,51.76842498779297
2004-08-13,51.96755599975586
2004-08-16,51.70871353149414
2004-08-17,51.76344680786133
2004-08-18,51.5593376159668
2004-08-19,51.872989654541016
2004-08-20,51.81319046020508
2004-08-23,51.58422088623047
2004-08-24,51.48963165283203
2004-08-25,51.49464416503906
2004-08-26,51.579246520996094
2004-08-27,51.604156494140625
2004-08-30,51.73356628417969
2004-08-31,52.0372314453125
2004-09-01,52.045223236083984
2004-09-02,51.79526138305664
2004-09-03,51.71034240722656
2004-09-07,51.570369720458984
2004-09-08,51.82029724121094
2004-09-09,51.7203483581543
2004-09-10,51.73033142089844
2004-09-13,51.86032485961914
2004-09-14,51.87028884887695
2004-09-15,51.68535232543945
2004-09-16,51.83531188964844
2004-09-17,51.725341796875
2004-09-20,51.91031265258789
2004-09-21,51.875308990478516
2004-09-22,52.170230865478516
2004-09-23,51.98526382446289
2004-09-24,51.930267333984375
2004-09-27,52.1851921081543
2004-09-28,52.30518341064453
2004-09-29,52.08526611328125
2004-09-30,52.08023452758789
2004-10-01,51.83531188964844
2004-10-04,51.71034240722656
2004-10-05,51.84529113769531
2004-10-06,51.5103874206543
2004-10-07,51.58538818359375
2004-10-08,52.010231018066406
2004-10-11,52.14519119262695
2004-10-12,52.13524627685547
2004-10-13,52.24518585205078
2004-10-14,52.34513854980469
2004-10-15,52.34513854980469
2004-10-18,52.33518600463867
2004-10-19,52.34513854980469
2004-10-20,52.575077056884766
2004-10-21,52.730072021484375
2004-10-22,52.73503494262695
2004-10-25,52.725059509277344
2004-10-26,52.695030212402344
2004-10-27,52.28517532348633
2004-10-28,52.52510452270508
2004-10-29,52.650081634521484
2004-11-01,52.463863372802734
2004-11-02,52.75418472290039
2004-11-03,52.79427719116211
2004-11-04,52.66910171508789
2004-11-05,52.423770904541016
2004-11-08,52.35868835449219
2004-11-09,52.28861618041992
2004-11-10,52.203487396240234
2004-11-11,52.33367919921875
2004-11-12,52.433815002441406
2004-11-15,52.629058837890625
2004-11-16,52.60402297973633
2004-11-17,52.789283752441406
2004-11-18,52.86433410644531
2004-11-19,52.71916198730469
2004-11-22,52.954490661621094
2004-11-23,52.8543586730957
2004-11-24,52.9944953918457
2004-11-26,52.78422927856445
2004-11-29,52.5439453125
2004-11-30,52.47882080078125
2004-12-01,52.3900146484375
2004-12-02,52.26449966430664
2004-12-03,52.70624923706055
2004-12-06,52.83174133300781
2004-12-07,52.85182189941406
2004-12-08,53.2132453918457
2004-12-09,53.08771514892578
2004-12-10,53.00740051269531
2004-12-13,53.102806091308594
2004-12-14,53.20820236206055
2004-12-15,53.569644927978516
2004-12-16,53.23329162597656
2004-12-17,53.28349685668945
2004-12-20,53.403987884521484
2004-12-21,53.71522521972656
2004-12-22,53.48429489135742
2004-12-23,53.569644927978516
2004-12-27,53.398956298828125
2004-12-28,53.3035774230957
2004-12-29,53.173099517822266
2004-12-30,53.31361770629883
2004-12-31,53.4019660949707
2005-01-03,53.38679504394531
2005-01-04,53.01836395263672
2005-01-05,52.95779037475586
2005-01-06,53.043582916259766
2005-01-07,52.90732955932617
2005-01-10,52.94267654418945
2005-01-11,52.99311447143555
2005-01-12,53.17987060546875
2005-01-13,53.316123962402344
2005-01-14,53.321231842041016
2005-01-18,53.321231842041016
2005-01-19,53.27074432373047
2005-01-20,53.29594802856445
2005-01-21,53.371673583984375
2005-01-24,53.46250534057617
2005-01-25,53.11931610107422
2005-01-26,53.184871673583984
2005-01-27,53.169769287109375
2005-01-28,53.376686096191406
2005-01-31,53.406944274902344
2005-02-01,53.31698989868164
2005-02-02,53.226036071777344
2005-02-03,53.13502883911133
2005-02-04,53.47877502441406
2005-02-07,53.65568161010742
2005-02-08,53.91854476928711
2005-02-09,54.21171569824219
2005-02-10,53.898277282714844
2005-02-11,53.923580169677734
2005-02-14,54.12574768066406
2005-02-15,53.84270477294922
2005-02-16,53.70119094848633
2005-02-17,53.6354866027832
2005-02-18,53.5798454284668
2005-02-22,53.42818832397461
2005-02-23,53.544456481933594
2005-02-24,53.42818832397461
2005-02-25,53.402976989746094
2005-02-28,53.12491989135742
2005-03-01,53.15019226074219
2005-03-02,53.21088409423828
2005-03-03,53.286712646484375
2005-03-04,53.504024505615234
2005-03-07,53.65568161010742
2005-03-08,53.514163970947266
2005-03-09,53.15528106689453
2005-03-10,53.049110412597656
2005-03-11,52.8216552734375
2005-03-14,52.922760009765625
2005-03-15,52.85198211669922
2005-03-16,53.049110412597656
2005-03-17,53.23613739013672
2005-03-18,53.15528106689453
2005-03-21,53.05922317504883
2005-03-22,52.70539474487305
2005-03-23,52.543636322021484
2005-03-24,52.72058868408203
2005-03-28,52.49815368652344
2005-03-29,52.63969802856445
2005-03-30,52.85198211669922
2005-03-31,53.241207122802734
2005-04-01,53.3106575012207
2005-04-04,53.36637496948242
2005-04-05,53.22444534301758
2005-04-06,53.254852294921875
2005-04-07,53.04705810546875
2005-04-08,53.097740173339844
2005-04-11,53.23970031738281
2005-04-12,53.52861785888672
2005-04-13,53.47789764404297
2005-04-14,53.57927703857422
2005-04-15,53.8834342956543
2005-04-18,53.8834342956543
2005-04-19,54.187557220458984
2005-04-20,54.2787971496582
2005-04-21,53.86315155029297
2005-04-22,54.21799087524414
2005-04-25,54.13689041137695
2005-04-26,53.959468841552734
2005-04-27,53.959468841552734
2005-04-28,54.37515640258789
2005-04-29,54.187557220458984
2005-05-02,54.21759033203125
2005-05-03,54.197235107421875
2005-05-04,54.07003402709961
2005-05-05,54.1259651184082
2005-05-06,53.93771743774414
2005-05-09,53.9631462097168
2005-05-10,54.14634704589844
2005-05-11,54.20236587524414
2005-05-12,54.1921272277832
2005-05-13,54.207420349121094
2005-05-16,54.18709945678711
2005-05-17,54.30410385131836
2005-05-18,54.22264099121094
2005-05-19,54.16670608520508
2005-05-20,54.36518096923828
2005-05-23,54.43132400512695
2005-05-24,54.59926223754883
2005-05-25,54.400787353515625
2005-05-26,54.22264099121094
2005-05-27,54.360084533691406
2005-05-31,54.59926223754883
2005-06-01,55.13255310058594
2005-06-02,54.968807220458984
2005-06-03,54.78965377807617
2005-06-06,54.78965377807617
2005-06-07,54.892005920410156
2005-06-08,54.73847961425781
2005-06-09,54.69751739501953
2005-06-10,54.36484146118164
2005-06-13,54.20108413696289
2005-06-14,54.09361267089844
2005-06-15,54.10895919799805
2005-06-16,54.30342483520508
2005-06-17,54.33415603637695
2005-06-20,54.33926773071289
2005-06-21,54.40580368041992
2005-06-22,54.58492660522461
2005-06-23,54.661720275878906
2005-06-24,54.76408767700195
2005-06-27,54.917598724365234
2005-06-28,54.79481506347656
2005-06-29,54.65150451660156
2005-06-30,54.88181686401367
2005-07-01,54.51966094970703
2005-07-05,54.21576690673828
2005-07-06,54.32393264770508
2005-07-07,54.36001205444336
2005-07-08,54.10759353637695
2005-07-11,54.21576690673828
2005-07-12,54.10759353637695
2005-07-13,53.973628997802734
2005-07-14,53.628517150878906
2005-07-15,53.54609680175781
2005-07-18,53.3607063293457
2005-07-19,53.587303161621094
2005-07-20,53.74182891845703
2005-07-21,53.48944091796875
2005-07-22,53.70061492919922
2005-07-25,53.53581237792969
2005-07-26,53.587303161621094
2005-07-27,53.56669616699219
2005-07-28,53.6851921081543
2005-07-29,53.52550506591797
2005-08-01,53.44412612915039
2005-08-02,53.34560775756836
2005-08-03,53.58927536010742
2005-08-04,53.59964370727539
2005-08-05,53.29894256591797
2005-08-08,53.28854751586914
2005-08-09,53.24711608886719
2005-08-10,53.21596145629883
2005-08-11,53.490753173828125
2005-08-12,53.708526611328125
2005-08-15,53.708526611328125
2005-08-16,53.858856201171875
2005-08-17,53.739601135253906
2005-08-18,53.900325775146484
2005-08-19,53.99888229370117
2005-08-22,53.92109680175781
2005-08-23,54.06623840332031
2005-08-24,54.15441131591797
2005-08-25,54.23731231689453
2005-08-26,54.211421966552734
2005-08-29,54.29957962036133
2005-08-30,54.57954406738281
2005-08-31,54.88026809692383
2005-09-01,55.0244255065918
2005-09-02,55.04528045654297
2005-09-06,54.738155364990234
2005-09-07,54.665283203125
2005-09-08,54.75376892089844
2005-09-09,54.89951705932617
2005-09-12,54.70172119140625
2005-09-13,54.88910675048828
2005-09-14,54.852638244628906
2005-09-15,54.74338912963867
2005-09-16,54.65487289428711
2005-09-19,54.837039947509766
2005-09-20,54.68606948852539
2005-09-21,54.99322509765625
2005-09-22,55.00882339477539
2005-09-23,54.738155364990234
2005-09-26,54.613250732421875
2005-09-27,54.722557067871094
2005-09-28,54.935970306396484
2005-09-29,54.88393783569336
2005-09-30,54.79539489746094
2005-10-03,54.4315299987793
2005-10-04,54.38977813720703
2005-10-05,54.37935256958008
2005-10-06,54.23314666748047
2005-10-07,54.32187271118164
2005-10-10,54.38454055786133
2005-10-11,54.21749496459961
2005-10-12,54.03997802734375
2005-10-13,54.013877868652344
2005-10-14,54.12875747680664
2005-10-17,54.23314666748047
2005-10-18,54.269657135009766
2005-10-19,54.274898529052734
2005-10-20,54.23837661743164
2005-10-21,54.4106559753418
2005-10-24,54.17568588256836
2005-10-25,53.89377975463867
2005-10-26,53.731956481933594
2005-10-27,53.95125198364258
2005-10-28,53.93034362792969
2005-10-31,54.076507568359375
2005-11-01,54.07235336303711
2005-11-02,53.96751403808594
2005-11-03,53.883602142333984
2005-11-04,53.8416862487793
2005-11-07,54.01469421386719
2005-11-08,54.114280700683594
2005-11-09,53.836429595947266
2005-11-10,53.95699691772461
2005-11-11,54.03038024902344
2005-11-14,53.6581916809082
2005-11-15,53.815433502197266
2005-11-16,54.12996292114258
2005-11-17,54.19288635253906
2005-11-18,54.093326568603516
2005-11-21,54.15098190307617
2005-11-22,54.36589431762695
2005-11-23,54.15621566772461
2005-11-25,54.33970260620117
2005-11-28,54.45503234863281
2005-11-29,54.18242645263672
2005-11-30,54.17191696166992
2005-12-01,54.04467010498047
2005-12-02,54.065879821777344
2005-12-05,54.034000396728516
2005-12-06,54.193172454833984
2005-12-07,53.986328125
2005-12-08,54.21434020996094
2005-12-09,54.023406982421875
2005-12-12,54.04467010498047
2005-12-13,54.14541244506836
2005-12-14,54.36286926269531
2005-12-15,54.36286926269531
2005-12-16,54.39996337890625
2005-12-19,54.44243240356445
2005-12-20,54.41590118408203
2005-12-21,54.36286926269531
2005-12-22,54.479549407958984
2005-12-23,54.70761489868164
2005-12-27,54.771244049072266
2005-12-28,54.65199279785156
2005-12-29,54.74786376953125
2005-12-30,54.73187255859375
2006-01-03,54.84897994995117
2006-01-04,54.85430145263672
2006-01-05,54.69459533691406
2006-01-06,54.66802215576172
2006-01-09,54.73187255859375
2006-01-10,54.609432220458984
2006-01-11,54.52424621582031
2006-01-12,54.737186431884766
2006-01-13,54.88619613647461
2006-01-17,55.01396942138672
2006-01-18,54.98737335205078
2006-01-19,54.94480514526367
2006-01-20,55.045921325683594
2006-01-23,54.960784912109375
2006-01-24,54.827693939208984
2006-01-25,54.48170852661133
2006-01-26,54.4284553527832
2006-01-27,54.572139739990234
2006-01-30,54.56153106689453
2006-01-31,54.74786376953125
2006-02-01,54.582847595214844
2006-02-02,54.588157653808594
2006-02-03,54.85430145263672
2006-02-06,54.89153289794922
2006-02-07,54.63605499267578
2006-02-08,54.534889221191406
2006-02-09,54.65732955932617
2006-02-10,54.433780670166016
2006-02-13,54.40715789794922
2006-02-14,54.162296295166016
2006-02-15,54.215538024902344
2006-02-16,54.380550384521484
2006-02-17,54.67863845825195
2006-02-21,54.56153106689453
2006-02-22,54.71589660644531
2006-02-23,54.588157653808594
2006-02-24,54.64137649536133
2006-02-27,54.545597076416016
2006-02-28,54.74786376953125
2006-03-01,54.63605499267578
2006-03-02,54.59876251220703
2006-03-03,54.55620574951172
2006-03-06,54.17824935913086
2006-03-07,54.17824935913086
2006-03-08,53.97069549560547
2006-03-09,53.880184173583984
2006-03-10,53.81630325317383
2006-03-13,53.8429069519043
2006-03-14,54.103759765625
2006-03-15,54.0025749206543
2006-03-16,54.29541778564453
2006-03-17,54.23684310913086
2006-03-20,54.204891204833984
2006-03-21,53.93873977661133
2006-03-22,54.018585205078125
2006-03-23,53.96002197265625
2006-03-24,54.2208251953125
2006-03-27,54.04519271850586
2006-03-28,53.784366607666016
2006-03-29,53.6832275390625
2006-03-30,53.566097259521484
2006-03-31,53.57674026489258
2006-04-03,53.504547119140625
2006-04-04,53.46174240112305
2006-04-05,53.64362335205078
2006-04-06,53.493831634521484
2006-04-07,53.279823303222656
2006-04-10,53.31726837158203
2006-04-11,53.53131103515625
2006-04-12,53.34398651123047
2006-04-13,53.01227569580078
2006-04-17,53.290496826171875
2006-04-18,53.46704864501953
2006-04-19,53.52060317993164
2006-04-20,53.3386344909668
2006-04-21,53.53131103515625
2006-04-24,53.47777557373047
2006-04-25,53.081851959228516
2006-04-26,53.02299499511719
2006-04-27,53.25839614868164
2006-04-28,53.451011657714844
2006-05-01,53.27626419067383
2006-05-02,53.394622802734375
2006-05-03,53.243980407714844
2006-05-04,53.039669036865234
2006-05-05,53.340782165527344
2006-05-08,53.340782165527344
2006-05-09,53.421470642089844
2006-05-10,53.55050277709961
2006-05-11,53.57736587524414
2006-05-12,53.394622802734375
2006-05-15,53.3676872253418
2006-05-16,53.57199478149414
2006-05-17,53.394622802734375
2006-05-18,53.72257614135742
2006-05-19,53.67951965332031
2006-05-22,53.76020050048828
2006-05-23,53.711822509765625
2006-05-24,53.69028091430664
2006-05-25,53.68495559692383
2006-05-26,53.824737548828125
2006-05-30,53.68495559692383
2006-05-31,53.60966110229492
2006-06-01,53.649627685546875
2006-06-02,54.060577392578125
2006-06-05,53.9254150390625
2006-06-06,53.849727630615234
2006-06-07,53.66588592529297
2006-06-08,53.7037467956543
2006-06-09,53.92002868652344
2006-06-12,53.90922164916992
2006-06-13,53.947059631347656
2006-06-14,53.7415771484375
2006-06-15,53.6280517578125
2006-06-16,53.644229888916016
2006-06-19,53.53071212768555
2006-06-20,53.48202133178711
2006-06-21,53.50364303588867
2006-06-22,53.39014434814453
2006-06-23,53.319793701171875
2006-06-26,53.26033020019531
2006-06-27,53.346866607666016
2006-06-28,53.227867126464844
2006-06-29,53.55236053466797
2006-06-30,53.83891296386719
2006-07-03,53.727962493896484
2006-07-05,53.52131271362305
2006-07-06,53.70621871948242
2006-07-07,53.863922119140625
2006-07-10,53.86936569213867
2006-07-11,53.907432556152344
2006-07-12,53.89652633666992
2006-07-13,54.10860061645508
2006-07-14,54.14666748046875
2006-07-17,54.18471908569336
2006-07-18,53.91287612915039
2006-07-19,54.255401611328125
2006-07-20,54.423973083496094
2006-07-21,54.2608528137207
2006-07-24,54.21735763549805
2006-07-25,54.32065963745117
2006-07-26,54.50008773803711
2006-07-27,54.510986328125
2006-07-28,54.674110412597656
2006-07-31,54.65237808227539
2006-08-01,54.74639129638672
2006-08-02,54.872188568115234
2006-08-03,54.84487533569336
2006-08-04,55.216678619384766
2006-08-07,55.20027160644531
2006-08-08,55.28775405883789
2006-08-09,55.309635162353516
2006-08-10,55.216678619384766
2006-08-11,55.085445404052734
2006-08-14,54.95417022705078
2006-08-15,55.14558410644531
2006-08-16,55.24947738647461
2006-08-17,55.1838493347168
2006-08-18,55.37528991699219
2006-08-21,55.51741027832031
2006-08-22,55.59942626953125
2006-08-23,55.51741027832031
2006-08-24,55.418983459472656
2006-08-25,55.54474639892578
2006-08-28,55.37528991699219
2006-08-29,55.39165115356445
2006-08-30,55.440834045410156
2006-08-31,55.561126708984375
2006-09-01,55.540252685546875
2006-09-05,55.30379867553711
2006-09-06,55.276302337646484
2006-09-07,55.1883430480957
2006-09-08,55.15534591674805
2006-09-11,55.01237106323242
2006-09-12,55.1168098449707
2006-09-13,55.23778533935547
2006-09-14,55.24879837036133
2006-09-15,55.072818756103516
2006-09-18,55.034332275390625
2006-09-19,55.16084671020508
2006-09-20,55.083831787109375
2006-09-21,55.402793884277344
2006-09-22,55.5787467956543
2006-09-25,55.73274230957031
2006-09-26,55.64472961425781
2006-09-27,55.63373565673828
2006-09-28,55.64472961425781
2006-09-29,55.62275695800781
2006-10-02,55.68131637573242
2006-10-03,55.4879264831543
2006-10-04,55.7033805847168
2006-10-05,55.6149787902832
2006-10-06,55.454803466796875
2006-10-09,55.3443489074707
2006-10-10,55.12336730957031
2006-10-11,54.96315383911133
2006-10-12,54.96869659423828
2006-10-13,54.874786376953125
2006-10-16,54.91901779174805
2006-10-17,54.91345977783203
2006-10-18,54.797489166259766
2006-10-19,54.81404113769531
2006-10-20,54.80850601196289
2006-10-23,54.64829635620117
2006-10-24,54.731178283691406
2006-10-25,54.98530960083008
2006-10-26,55.25597381591797
2006-10-27,55.37749481201172
2006-10-30,55.27803421020508
2006-10-31,55.58184814453125
2006-11-01,55.772422790527344
2006-11-02,55.62800979614258
2006-11-03,55.31689453125
2006-11-06,55.47798156738281
2006-11-07,55.6779670715332
2006-11-08,55.777984619140625
2006-11-09,55.88346862792969
2006-11-10,55.86128234863281
2006-11-13,55.73349380493164
2006-11-14,55.8001823425293
2006-11-15,55.63349914550781
2006-11-16,55.32241439819336
2006-11-17,55.433528900146484
2006-11-20,55.4502067565918
2006-11-21,55.539093017578125
2006-11-22,55.61130905151367
2006-11-24,55.74459457397461
2006-11-27,55.83351516723633
2006-11-28,56.0279541015625
2006-11-29,55.955718994140625
2006-11-30,56.177921295166016
2006-12-01,56.35567092895508
2006-12-04,56.37236404418945
2006-12-05,56.33348083496094
2006-12-06,56.1390266418457
2006-12-07,56.0612678527832
2006-12-08,55.88904571533203
2006-12-11,56.0168342590332
2006-12-12,56.02237319946289
2006-12-13,55.8001823425293
2006-12-14,55.74459457397461
2006-12-15,55.46684646606445
2006-12-18,55.366878509521484
2006-12-19,55.3279914855957
2006-12-20,55.294681549072266
2006-12-21,55.41688537597656
2006-12-22,55.189151763916016
2006-12-26,55.15580368041992
2006-12-27,54.95583724975586
2006-12-28,54.855838775634766
2006-12-29,54.88360595703125
2007-01-03,55.122467041015625
2007-01-04,55.16136932373047
2007-01-05,55.00579833984375
2007-01-08,55.04471206665039
2007-01-09,55.00579833984375
2007-01-10,54.86688995361328
2007-01-11,54.683597564697266
2007-01-12,54.46139144897461
2007-01-16,54.55584716796875
2007-01-17,54.550270080566406
2007-01-18,54.58918762207031
2007-01-19,54.683597564697266
2007-01-22,54.77251434326172
2007-01-23,54.76696014404297
2007-01-24,54.839149475097656
2007-01-25,54.672550201416016
2007-01-26,54.628074645996094
2007-01-29,54.572513580322266
2007-01-30,54.72807312011719
2007-01-31,55.01136016845703
2007-02-01,54.82805252075195
2007-02-02,54.928016662597656
2007-02-05,54.95583724975586
2007-02-06,54.95583724975586
2007-02-07,55.05028533935547
2007-02-08,54.99469757080078
2007-02-09,54.855838775634766
2007-02-12,54.71690368652344
2007-02-13,54.72248840332031
2007-02-14,55.08357620239258
2007-02-15,55.066917419433594
2007-02-16,55.25022888183594
2007-02-20,55.255794525146484
2007-02-21,55.33355712890625
2007-02-22,55.30022048950195
2007-02-23,55.461326599121094
2007-02-26,55.694644927978516
2007-02-27,56.189022064208984
2007-02-28,56.10011291503906
2007-03-01,56.182594299316406
2007-03-02,56.29401397705078
2007-03-05,56.25498962402344
2007-03-06,56.177001953125
2007-03-07,56.26058578491211
2007-03-08,56.210453033447266
2007-03-09,55.954219818115234
2007-03-12,56.00434875488281
2007-03-13,56.2271614074707
2007-03-14,56.232723236083984
2007-03-15,56.21600341796875
2007-03-16,56.24943923950195
2007-03-19,56.24386978149414
2007-03-20,56.25498962402344
2007-03-21,56.46666717529297
2007-03-22,56.299564361572266
2007-03-23,56.26058578491211
2007-03-26,56.46110534667969
2007-03-27,56.444400787353516
2007-03-28,56.366416931152344
2007-03-29,56.29401397705078
2007-03-30,56.282867431640625
2007-04-02,56.304656982421875
2007-04-03,56.05868148803711
2007-04-04,56.237579345703125
2007-04-05,56.226356506347656
2007-04-09,55.97477340698242
2007-04-10,56.109004974365234
2007-04-11,56.0195198059082
2007-04-12,56.0195198059082
2007-04-13,55.87974166870117
2007-04-16,56.05868148803711
2007-04-17,56.09220886230469
2007-04-18,56.276695251464844
2007-04-19,56.248741149902344
2007-04-20,56.2711181640625
2007-04-23,56.39971923828125
2007-04-24,56.4947395324707
2007-04-25,56.50033187866211
2007-04-26,56.343807220458984
2007-04-27,56.3549690246582
2007-04-30,56.65686798095703
2007-05-01,56.64899444580078
2007-05-02,56.64339828491211
2007-05-03,56.50312423706055
2007-05-04,56.531185150146484
2007-05-07,56.491878509521484
2007-05-08,56.5592155456543
2007-05-09,56.379642486572266
2007-05-10,56.50312423706055
2007-05-11,56.40209197998047
2007-05-14,56.31229782104492
2007-05-15,56.160743713378906
2007-05-16,56.10464096069336
2007-05-17,56.08222579956055
2007-05-18,55.9362907409668
2007-05-21,56.076602935791016
2007-05-22,55.85771942138672
2007-05-23,55.85210418701172
2007-05-24,55.91943359375
2007-05-25,55.997989654541016
2007-05-29,55.82964324951172
2007-05-30,55.88014221191406
2007-05-31,55.91379928588867
2007-06-01,55.726104736328125
2007-06-04,55.87268829345703
2007-06-05,55.66972732543945
2007-06-06,55.71482849121094
2007-06-07,55.229984283447266
2007-06-08,55.33152770996094
2007-06-11,55.213077545166016
2007-06-12,54.869178771972656
2007-06-13,55.07217025756836
2007-06-14,55.10599136352539
2007-06-15,55.26945495605469
2007-06-18,55.224365234375
2007-06-19,55.517520904541016
2007-06-20,55.30895233154297
2007-06-21,55.286380767822266
2007-06-22,55.51191329956055
2007-06-25,55.64154815673828
2007-06-26,55.528770446777344
2007-06-27,55.5570068359375
2007-06-28,55.46678924560547
2007-06-29,55.79374313354492
2007-07-02,55.96189880371094
2007-07-03,55.73543930053711
2007-07-05,55.50328826904297
2007-07-06,55.38431930541992
2007-07-09,55.559906005859375
2007-07-10,56.001564025878906
2007-07-11,55.758121490478516
2007-07-12,55.57120895385742
2007-07-13,55.65617370605469
2007-07-16,55.8260498046875
2007-07-17,55.78072738647461
2007-07-18,55.99591064453125
2007-07-19,56.063838958740234
2007-07-20,56.27900314331055
2007-07-23,56.16009521484375
2007-07-24,56.33564758300781
2007-07-25,56.505523681640625
2007-07-26,56.77163314819336
2007-07-27,56.856597900390625
2007-07-30,56.794315338134766
2007-07-31,57.077423095703125
2007-08-01,56.841373443603516
2007-08-02,56.86982727050781
2007-08-03,57.046138763427734
2007-08-06,56.67075729370117
2007-08-07,56.67644500732422
2007-08-08,56.46603775024414
2007-08-09,56.64803695678711
2007-08-10,56.52286148071289
2007-08-13,56.77313995361328
2007-08-14,56.841373443603516
2007-08-15,56.841373443603516
2007-08-16,56.96656036376953
2007-08-17,57.15422821044922
2007-08-20,57.14852523803711
2007-08-21,57.34761428833008
2007-08-22,57.216766357421875
2007-08-23,57.24525833129883
2007-08-24,57.31913375854492
2007-08-27,57.38740539550781
2007-08-28,57.55804443359375
2007-08-29,57.31913375854492
2007-08-30,57.56938934326172
2007-08-31,57.54665756225586
2007-09-04,57.59234619140625
2007-09-05,57.860843658447266
2007-09-06,57.73517990112305
2007-09-07,58.39780044555664
2007-09-10,58.61486053466797
2007-09-11,58.61486053466797
2007-09-12,58.59199905395508
2007-09-13,58.2835578918457
2007-09-14,58.380672454833984
2007-09-17,58.59199905395508
2007-09-18,58.632022857666016
2007-09-19,58.46635818481445
2007-09-20,57.809391021728516
2007-09-21,58.037933349609375
2007-09-24,57.94654083251953
2007-09-25,57.83800506591797
2007-09-26,57.895084381103516
2007-09-27,58.23784255981445
2007-09-28,58.2835578918457
2007-10-01,58.412593841552734
2007-10-02,58.46995162963867
2007-10-03,58.36097717285156
2007-10-04,58.447025299072266
2007-10-05,58.10287857055664
2007-10-08,58.206119537353516
2007-10-09,58.005401611328125
2007-10-10,58.04548645019531
2007-10-11,57.948001861572266
2007-10-12,57.87346267700195
2007-10-15,57.87346267700195
2007-10-16,58.039817810058594
2007-10-17,58.3896484375
2007-10-18,58.56175231933594
2007-10-19,59.06073760986328
2007-10-22,58.917335510253906
2007-10-23,58.94031524658203
2007-10-24,59.16397476196289
2007-10-25,59.330352783203125
2007-10-26,59.27872085571289
2007-10-29,59.53677749633789
2007-10-30,59.2442626953125
2007-10-31,58.963253021240234
2007-11-01,59.5040397644043
2007-11-02,59.83778381347656
2007-11-05,59.866573333740234
2007-11-06,59.872310638427734
2007-11-07,59.906829833984375
2007-11-08,60.090911865234375
2007-11-09,60.614501953125
2007-11-12,60.810150146484375
2007-11-13,60.22904968261719
2007-11-14,60.234779357910156
2007-11-15,60.36137390136719
2007-11-16,60.482181549072266
2007-11-19,60.97702407836914
2007-11-20,60.91372299194336
2007-11-21,61.42578125
2007-11-23,61.38548278808594
2007-11-26,62.081668853759766
2007-11-27,61.523616790771484
2007-11-28,61.06333541870117
2007-11-29,61.43732452392578
2007-11-30,61.39127731323242
2007-12-03,61.59632110595703
2007-12-04,61.486595153808594
2007-12-05,60.83380889892578
2007-12-06,60.64897155761719
2007-12-07,60.3370475769043
2007-12-10,60.25621032714844
2007-12-11,60.91469955444336
2007-12-12,60.677818298339844
2007-12-13,60.30815887451172
2007-12-14,60.26767349243164
2007-12-17,60.706764221191406
2007-12-18,60.77024841308594
2007-12-19,61.151527404785156
2007-12-20,61.08222961425781
2007-12-21,60.712528228759766
2007-12-24,60.52763748168945
2007-12-26,60.26191711425781
2007-12-27,60.66312789916992
2007-12-28,61.02893829345703
2007-12-31,61.429542541503906
2008-01-02,61.91730499267578
2008-01-03,62.12632751464844
2008-01-04,62.10893630981445
2008-01-07,62.0972900390625
2008-01-08,62.143733978271484
2008-01-09,62.0972900390625
2008-01-10,61.8185920715332
2008-01-11,62.27727508544922
2008-01-14,62.538516998291016
2008-01-15,62.857872009277344
2008-01-16,62.48628234863281
2008-01-17,62.93918991088867
2008-01-18,62.99724197387695
2008-01-22,63.473350524902344
2008-01-23,63.322364807128906
2008-01-24,62.89274978637695
2008-01-25,63.4036979675293
2008-01-28,63.32817840576172
2008-01-29,63.304996490478516
2008-01-30,63.31657409667969
2008-01-31,63.624305725097656
2008-02-01,63.6599006652832
2008-02-04,63.29222106933594
2008-02-05,63.5957145690918
2008-02-06,63.51984405517578
2008-02-07,62.761138916015625
2008-02-08,63.391414642333984
2008-02-11,63.55486297607422
2008-02-12,63.43812561035156
2008-02-13,62.86030960083008
2008-02-14,62.44015121459961
2008-02-15,62.75531768798828
2008-02-19,62.39349365234375
2008-02-20,62.60358428955078
2008-02-21,62.994606018066406
2008-02-22,62.81953048706055
2008-02-25,62.50436019897461
2008-02-26,62.91868209838867
2008-02-27,63.02379608154297
2008-02-28,63.85829544067383
2008-02-29,64.52951049804688
2008-03-03,64.50372314453125
2008-03-04,64.35708618164062
2008-03-05,64.31602478027344
2008-03-06,64.66201782226562
2008-03-07,64.90238189697266
2008-03-10,65.38907623291016
2008-03-11,64.75585174560547
2008-03-12,65.37730407714844
2008-03-13,64.95518493652344
2008-03-14,65.10171508789062
2008-03-17,64.40400695800781
2008-03-18,64.33362579345703
2008-03-19,64.60337829589844
2008-03-20,64.74407196044922
2008-03-24,63.6007080078125
2008-03-25,63.49513626098633
2008-03-26,63.68276596069336
2008-03-27,63.81181716918945
2008-03-28,64.28669738769531
2008-03-31,64.43915557861328
2008-04-01,63.88015365600586
2008-04-02,63.88015365600586
2008-04-03,64.23126983642578
2008-04-04,64.59907531738281
2008-04-07,64.45076751708984
2008-04-08,64.33807373046875
2008-04-09,64.76516723632812
2008-04-10,64.48638153076172
2008-04-11,64.96686553955078
2008-04-14,64.76516723632812
2008-04-15,64.52786254882812
2008-04-16,64.13041687011719
2008-04-17,63.86347961425781
2008-04-18,63.80413818359375
2008-04-21,63.82792663574219
2008-04-22,63.98806381225586
2008-04-23,63.79233932495117
2008-04-24,63.21692657470703
2008-04-25,63.12792205810547
2008-04-28,63.234718322753906
2008-04-29,63.24065017700195
2008-04-30,63.537261962890625
2008-05-01,63.491943359375
2008-05-02,63.3311653137207
2008-05-05,63.48006820678711
2008-05-06,63.43244934082031
2008-05-07,63.58727264404297
2008-05-08,64.05787658691406
2008-05-09,64.23056030273438
2008-05-12,64.12932586669922
2008-05-13,63.64689254760742
2008-05-14,63.7064094543457
2008-05-15,64.16510772705078
2008-05-16,64.16510772705078
2008-05-19,64.36756896972656
2008-05-20,64.75481414794922
2008-05-21,64.8262939453125
2008-05-22,64.37358093261719
2008-05-23,64.62373352050781
2008-05-27,64.17697143554688
2008-05-28,63.59917068481445
2008-05-29,63.354957580566406
2008-05-30,63.60516357421875
2008-06-02,63.818878173828125
2008-06-03,63.818878173828125
2008-06-04,63.488685607910156
2008-06-05,63.29060363769531
2008-06-06,64.06494140625
2008-06-09,63.72880554199219
2008-06-10,63.38666915893555
2008-06-11,63.506675720214844
2008-06-12,62.91239547729492
2008-06-13,62.90639877319336
2008-06-16,63.06248474121094
2008-06-17,63.24256134033203
2008-06-18,63.584747314453125
2008-06-19,63.18855667114258
2008-06-20,63.392669677734375
2008-06-23,63.392669677734375
2008-06-24,63.77688217163086
2008-06-25,63.82487869262695
2008-06-26,64.37712860107422
2008-06-27,64.68328857421875
2008-06-30,64.74332427978516
2008-07-01,64.75963592529297
2008-07-02,65.16459655761719
2008-07-03,65.33380126953125
2008-07-07,65.3036117553711
2008-07-08,65.25521850585938
2008-07-09,65.63603210449219
2008-07-10,65.63001251220703
2008-07-11,65.03768920898438
2008-07-14,65.5212173461914
2008-07-15,65.4788818359375
2008-07-16,65.14645385742188
2008-07-17,64.723388671875
2008-07-18,64.42724609375
2008-07-21,64.43938446044922
2008-07-22,64.13111114501953
2008-07-23,63.695945739746094
2008-07-24,64.14923095703125
2008-07-25,63.70807647705078
2008-07-28,64.25199127197266
2008-07-29,63.81682586669922
2008-07-30,64.08271789550781
2008-07-31,64.34867858886719
2008-08-01,64.60112762451172
2008-08-04,64.41817474365234
2008-08-05,64.0706558227539
2008-08-06,63.90604782104492
2008-08-07,64.56452178955078
2008-08-08,64.4791488647461
2008-08-11,63.89990234375
2008-08-12,64.19869995117188
2008-08-13,64.19259643554688
2008-08-14,64.52183532714844
2008-08-15,64.68035125732422
2008-08-18,64.74136352539062
2008-08-19,64.6742935180664
2008-08-20,64.94258880615234
2008-08-21,65.05232238769531
2008-08-22,64.80233001708984
2008-08-25,65.04620361328125
2008-08-26,65.07059478759766
2008-08-27,65.24132537841797
2008-08-28,65.04010772705078
2008-08-29,64.85107421875
2008-09-02,64.81731414794922
2008-09-03,64.70667266845703
2008-09-04,64.60839080810547
2008-09-05,64.62680053710938
2008-09-08,64.87875366210938
2008-09-09,64.98934173583984
2008-09-10,64.95860290527344
2008-09-11,65.00775909423828
2008-09-12,64.54694366455078
2008-09-15,64.92790222167969
2008-09-16,64.28275299072266
2008-09-17,64.5162353515625
2008-09-18,63.66217041015625
2008-09-19,63.9878044128418
2008-09-22,64.20904541015625
2008-09-23,63.551551818847656
2008-09-24,63.23817443847656
2008-09-25,63.213600158691406
2008-09-26,63.07843017578125
2008-09-29,63.330360412597656
2008-09-30,62.242774963378906
2008-10-01,63.06648254394531
2008-10-02,62.93645477294922
2008-10-03,63.08509063720703
2008-10-06,63.0355224609375
2008-10-07,62.49673843383789
2008-10-08,60.6511116027832
2008-10-09,60.28571701049805
2008-10-10,59.071807861328125
2008-10-13,58.21713638305664
2008-10-14,59.5486946105957
2008-10-15,59.75308609008789
2008-10-16,59.36907958984375
2008-10-17,59.127540588378906
2008-10-20,59.93889236450195
2008-10-21,60.03179168701172
2008-10-22,60.47767639160156
2008-10-23,59.86458969116211
2008-10-24,58.433902740478516
2008-10-27,57.8145637512207
2008-10-28,57.46772766113281
2008-10-29,57.84556579589844
2008-10-30,57.523536682128906
2008-10-31,57.207645416259766
2008-11-03,57.690731048583984
2008-11-04,58.58256149291992
2008-11-05,58.997520446777344
2008-11-06,58.749813079833984
2008-11-07,58.495853424072266
2008-11-10,58.7001953125
2008-11-11,58.83648681640625
2008-11-12,58.92936706542969
2008-11-13,58.56396484375
2008-11-14,59.15849685668945
2008-11-17,59.214229583740234
2008-11-18,58.61350631713867
2008-11-19,58.601158142089844
2008-11-20,57.89509582519531
2008-11-21,57.30670166015625
2008-11-24,56.191898345947266
2008-11-25,57.22002410888672
2008-11-26,57.52973175048828
2008-11-28,57.70928955078125
2008-12-01,58.86745834350586
2008-12-02,59.38768005371094
2008-12-03,60.174251556396484
2008-12-04,60.6511116027832
2008-12-05,60.22995376586914
2008-12-08,59.45579528808594
2008-12-09,59.808837890625
2008-12-10,59.418670654296875
2008-12-11,60.075130462646484
2008-12-12,59.8336181640625
2008-12-15,59.579647064208984
2008-12-16,61.493377685546875
2008-12-17,62.6701545715332
2008-12-18,63.0169563293457
2008-12-19,61.93931579589844
2008-12-22,62.38523864746094
2008-12-23,62.230384826660156
2008-12-24,62.242767333984375
2008-12-26,62.38523864746094
2008-12-29,62.18087387084961
2008-12-30,61.27665328979492
2008-12-31,61.4624137878418
2009-01-02,60.31049346923828
2009-01-05,60.08753967285156
2009-01-06,60.53343963623047
2009-01-07,60.6077995300293
2009-01-08,61.090824127197266
2009-01-09,61.629676818847656
2009-01-12,61.93931579589844
2009-01-13,61.92692947387695
2009-01-14,62.00127410888672
2009-01-15,62.00127410888672
2009-01-16,61.747352600097656
2009-01-20,61.710182189941406
2009-01-21,60.76879119873047
2009-01-22,60.87410354614258
2009-01-23,61.09703063964844
2009-01-26,60.89264678955078
2009-01-27,61.41907501220703
2009-01-28,61.456241607666016
2009-01-29,61.152828216552734
2009-01-30,61.43767547607422
2009-02-02,61.66062927246094
2009-02-03,61.43767547607422
2009-02-04,61.313812255859375
2009-02-05,61.24566650390625
2009-02-06,61.598697662353516
2009-02-09,62.242767333984375
2009-02-10,62.527687072753906
2009-02-11,62.36045455932617
2009-02-12,62.13752365112305
2009-02-13,61.87739181518555
2009-02-17,62.255184173583984
2009-02-18,61.865013122558594
2009-02-19,61.691551208496094
2009-02-20,61.908363342285156
2009-02-23,61.84642791748047
2009-02-24,61.313812255859375
2009-02-25,60.94841003417969
2009-02-26,60.4591064453125
2009-02-27,60.08753967285156
2009-03-02,60.46531295776367
2009-03-03,60.32904815673828
2009-03-04,60.21139144897461
2009-03-05,60.76879119873047
2009-03-06,60.366207122802734
2009-03-09,60.137081146240234
2009-03-10,59.75308609008789
2009-03-11,60.05033493041992
2009-03-12,60.960811614990234
2009-03-13,60.94221496582031
2009-03-16,60.88030242919922
2009-03-17,60.8183708190918
2009-03-18,63.06648254394531
2009-03-19,63.357601165771484
2009-03-20,63.04174041748047
2009-03-23,63.02935028076172
2009-03-24,63.388526916503906
2009-03-25,63.29563522338867
2009-03-26,64.001708984375
2009-03-27,63.840721130371094
2009-03-30,63.958351135253906
2009-03-31,63.636260986328125
2009-04-01,63.862796783447266
2009-04-02,63.470802307128906
2009-04-03,63.053916931152344
2009-04-06,63.00415802001953
2009-04-07,62.917030334472656
2009-04-08,63.22813034057617
2009-04-09,63.03523254394531
2009-04-13,63.32146453857422
2009-04-14,63.35255432128906
2009-04-15,63.389869689941406
2009-04-16,63.15345001220703
2009-04-17,62.53126525878906
2009-04-20,62.587242126464844
2009-04-21,62.375709533691406
2009-04-22,62.53126525878906
2009-04-23,62.86103057861328
2009-04-24,62.99790954589844
2009-04-27,63.06010818481445
2009-04-28,63.06010818481445
2009-04-29,62.798770904541016
2009-04-30,62.49394226074219
2009-05-01,61.88844680786133
2009-05-04,62.00117492675781
2009-05-05,62.019954681396484
2009-05-06,62.27046203613281
2009-05-07,62.333038330078125
2009-05-08,62.35805130004883
2009-05-11,62.6711311340332
2009-05-12,62.86520767211914
2009-05-13,62.852718353271484
2009-05-14,63.203277587890625
2009-05-15,63.33476638793945
2009-05-18,63.31600570678711
2009-05-19,63.441200256347656
2009-05-20,63.7793083190918
2009-05-21,63.15318298339844
2009-05-22,63.265907287597656
2009-05-26,62.996646881103516
2009-05-27,62.852718353271484
2009-05-28,62.92155456542969
2009-05-29,63.74175262451172
2009-06-01,63.23337936401367
2009-06-02,63.68574142456055
2009-06-03,63.66062927246094
2009-06-04,63.019718170166016
2009-06-05,62.774654388427734
2009-06-08,62.529598236083984
2009-06-09,62.95061111450195
2009-06-10,62.98203659057617
2009-06-11,63.101402282714844
2009-06-12,62.98203659057617
2009-06-15,62.91289138793945
2009-06-16,63.12026596069336
2009-06-17,62.7055549621582
2009-06-18,62.54843521118164
2009-06-19,62.944313049316406
2009-06-22,63.05113220214844
2009-06-23,63.359031677246094
2009-06-24,63.03230667114258
2009-06-25,63.39671325683594
2009-06-26,63.39671325683594
2009-06-29,63.44075012207031
2009-06-30,63.868019104003906
2009-07-01,63.73493957519531
2009-07-02,63.577205657958984
2009-07-06,63.42584991455078
2009-07-07,63.52677536010742
2009-07-08,63.753849029541016
2009-07-09,63.236610412597656
2009-07-10,63.488914489746094
2009-07-13,63.2303352355957
2009-07-14,63.179832458496094
2009-07-15,63.00948715209961
2009-07-16,63.40058517456055
2009-07-17,63.37544250488281
2009-07-20,63.74126434326172
2009-07-21,63.886322021484375
2009-07-22,63.71598815917969
2009-07-23,63.406917572021484
2009-07-24,63.43846893310547
2009-07-27,63.31858444213867
2009-07-28,63.261844635009766
2009-07-29,63.2303352355957
2009-07-30,63.589874267578125
2009-07-31,63.924163818359375
2009-08-03,63.594139099121094
2009-08-04,63.3660774230957
2009-08-05,63.416717529296875
2009-08-06,63.31537628173828
2009-08-07,63.397769927978516
2009-08-10,63.518131256103516
2009-08-11,63.796852111816406
2009-08-12,63.54978561401367
2009-08-13,63.758811950683594
2009-08-14,63.68914031982422
2009-08-17,63.91720199584961
2009-08-18,64.05655670166016
2009-08-19,64.37964630126953
2009-08-20,64.7660140991211
2009-08-21,64.50630187988281
2009-08-24,64.7343521118164
2009-08-25,64.54429626464844
2009-08-26,64.72807312011719
2009-08-27,64.49366760253906
2009-08-28,64.51900482177734
2009-08-31,64.46196746826172
2009-09-01,64.55143737792969
2009-09-02,64.65371704101562
2009-09-03,64.73686981201172
2009-09-04,64.72409057617188
2009-09-08,64.85830688476562
2009-09-09,65.06287384033203
2009-09-10,65.21623992919922
2009-09-11,65.36329650878906
2009-09-14,65.21623992919922
2009-09-15,65.25468444824219
2009-09-16,65.38249969482422
2009-09-17,65.46559143066406
2009-09-18,65.16515350341797
2009-09-21,65.09481811523438
2009-09-22,65.2482681274414
2009-09-23,65.38893127441406
2009-09-24,65.32494354248047
2009-09-25,65.42085266113281
2009-09-28,65.55511474609375
2009-09-29,65.52955627441406
2009-09-30,65.76606750488281
2009-10-01,65.94957733154297
2009-10-02,65.8216781616211
2009-10-05,65.86003875732422
2009-10-06,65.85369110107422
2009-10-07,66.14147186279297
2009-10-08,66.07750701904297
2009-10-09,65.73856353759766
2009-10-12,65.8984603881836
2009-10-13,66.26937866210938
2009-10-14,65.9815673828125
2009-10-15,66.03276824951172
2009-10-16,66.24378967285156
2009-10-19,66.66588592529297
2009-10-20,66.72345733642578
2009-10-21,66.46125030517578
2009-10-22,66.13507080078125
2009-10-23,65.9944076538086
2009-10-26,65.69377899169922
2009-10-27,66.21822357177734
2009-10-28,66.26937866210938
2009-10-29,66.27579498291016
2009-10-30,66.518798828125
2009-11-02,66.6484146118164
2009-11-03,66.51365661621094
2009-11-04,66.64199829101562
2009-11-05,66.77030944824219
2009-11-06,66.93714141845703
2009-11-09,67.28366088867188
2009-11-10,67.16813659667969
2009-11-11,67.41197204589844
2009-11-12,67.09756469726562
2009-11-13,67.12321472167969
2009-11-16,67.63015747070312
2009-11-17,67.80979919433594
2009-11-18,67.7905502319336
2009-11-19,67.79694366455078
2009-11-20,67.79694366455078
2009-11-23,67.85469055175781
2009-11-24,67.92530822753906
2009-11-25,68.19481658935547
2009-11-27,68.34239196777344
2009-11-30,68.38087463378906
2009-12-01,68.26387786865234
2009-12-02,68.19313049316406
2009-12-03,67.9681167602539
2009-12-04,67.41523742675781
2009-12-07,67.52452087402344
2009-12-08,67.49237823486328
2009-12-09,67.1966781616211
2009-12-10,66.97802734375
2009-12-11,67.0037612915039
2009-12-14,67.23517608642578
2009-12-15,67.22874450683594
2009-12-16,67.34451293945312
2009-12-17,67.63382720947266
2009-12-18,67.53097534179688
2009-12-21,67.21593475341797
2009-12-22,66.9973373413086
2009-12-23,66.90087890625
2009-12-24,66.72087860107422
2009-12-28,66.70159912109375
2009-12-29,66.90715789794922
2009-12-30,67.01021575927734
2009-12-31,66.9522705078125
2010-01-04,67.12625122070312
2010-01-05,67.34535217285156
2010-01-06,67.17137145996094
2010-01-07,67.27447509765625
2010-01-08,67.41622924804688
2010-01-11,67.26802062988281
2010-01-12,67.57735443115234
2010-01-13,67.27447509765625
2010-01-14,67.44844055175781
2010-01-15,67.66753387451172
2010-01-19,67.6159896850586
2010-01-20,67.71903228759766
2010-01-21,67.84797668457031
2010-01-22,67.7835464477539
2010-01-25,67.60957336425781
2010-01-26,67.81578063964844
2010-01-27,67.63532257080078
2010-01-28,67.7255859375
2010-01-29,67.97683715820312
2010-02-01,67.94976806640625
2010-02-02,68.07241821289062
2010-02-03,67.79473876953125
2010-02-04,67.97555541992188
2010-02-05,67.8528060913086
2010-02-08,67.74955749511719
2010-02-09,67.5171127319336
2010-02-10,67.31700134277344
2010-02-11,67.1555404663086
2010-02-12,67.1555404663086
2010-02-16,67.34925842285156
2010-02-17,67.22010803222656
2010-02-18,67.1620101928711
2010-02-19,67.04581451416016
2010-02-22,66.8779525756836
2010-02-23,67.08453369140625
2010-02-24,66.95537567138672
2010-02-25,66.95537567138672
2010-02-26,67.09098815917969
2010-03-01,67.10005187988281
2010-03-02,67.15167999267578
2010-03-03,67.1258316040039
2010-03-04,67.19685363769531
2010-03-05,67.04841613769531
2010-03-08,66.9902572631836
2010-03-09,67.10648345947266
2010-03-10,67.03545379638672
2010-03-11,67.11296844482422
2010-03-12,67.28727722167969
2010-03-15,67.27435302734375
2010-03-16,67.52615356445312
2010-03-17,67.66824340820312
2010-03-18,67.39704895019531
2010-03-19,67.26789093017578
2010-03-22,67.42286682128906
2010-03-23,67.3712158203125
2010-03-24,66.82881927490234
2010-03-25,66.73844146728516
2010-03-26,66.82237243652344
2010-03-29,66.73844146728516
2010-03-30,66.79659271240234
2010-03-31,67.0871353149414
2010-04-01,67.07545471191406
2010-04-05,66.60208892822266
2010-04-06,66.86798095703125
2010-04-07,67.3413314819336
2010-04-08,67.27645874023438
2010-04-09,67.3478012084961
2010-04-12,67.53585052490234
2010-04-13,67.59423065185547
2010-04-14,67.50987243652344
2010-04-15,67.7044448852539
2010-04-16,67.8600845336914
2010-04-19,67.697998046875
2010-04-20,67.8600845336914
2010-04-21,68.06755828857422
2010-04-22,67.8730697631836
2010-04-23,67.87950134277344
2010-04-26,67.93787384033203
2010-04-27,68.3333969116211
2010-04-28,68.19725799560547
2010-04-29,68.55393981933594
2010-04-30,68.77433776855469
2010-05-03,68.65290069580078
2010-05-04,68.75684356689453
2010-05-05,68.78934478759766
2010-05-06,69.10104370117188
2010-05-07,68.9516372680664
2010-05-10,68.75684356689453
2010-05-11,68.88671112060547
2010-05-12,68.97120666503906
2010-05-13,69.02964782714844
2010-05-14,69.23094177246094
2010-05-17,68.99059295654297
2010-05-18,69.34781646728516
2010-05-19,68.90625
2010-05-20,68.89969635009766
2010-05-21,68.94519805908203
2010-05-24,68.8737564086914
2010-05-25,68.6464614868164
2010-05-26,68.77632904052734
2010-05-27,68.52305603027344
2010-05-28,68.90625
2010-06-01,68.77632141113281
2010-06-02,68.7044906616211
2010-06-03,68.7371826171875
2010-06-04,69.17449188232422
2010-06-07,69.23323059082031
2010-06-08,69.05701446533203
2010-06-09,69.12882995605469
2010-06-10,68.61965942382812
2010-06-11,69.01785278320312
2010-06-14,69.01785278320312
2010-06-15,68.92644500732422
2010-06-16,69.14191436767578
2010-06-17,69.4747543334961
2010-06-18,69.35729217529297
2010-06-21,69.39649200439453
2010-06-22,69.55962371826172
2010-06-23,69.57269287109375
2010-06-24,69.37686920166016
2010-06-25,69.61841583251953
2010-06-28,69.78158569335938
2010-06-29,69.84033966064453
2010-06-30,69.78811645507812
2010-07-01,69.3895263671875
2010-07-02,69.25863647460938
2010-07-06,69.33716583251953
2010-07-07,69.04915618896484
2010-07-08,69.1539077758789
2010-07-09,69.20628356933594
2010-07-12,69.16046905517578
2010-07-13,69.0818862915039
2010-07-14,69.27824401855469
2010-07-15,69.36338806152344
2010-07-16,69.19969177246094
2010-07-19,68.931396484375
2010-07-20,69.00993347167969
2010-07-21,69.36988067626953
2010-07-22,69.30442810058594
2010-07-23,69.12777709960938
2010-07-26,69.1539077758789
2010-07-27,69.05573272705078
2010-07-28,69.28479766845703
2010-07-29,69.36988067626953
2010-07-30,69.61860656738281
2010-08-02,69.74452209472656
2010-08-03,70.11165618896484
2010-08-04,69.87562561035156
2010-08-05,70.13134002685547
2010-08-06,70.19691467285156
2010-08-09,70.16411590576172
2010-08-10,70.59690856933594
2010-08-11,70.59029388427734
2010-08-12,70.12478637695312
2010-08-13,70.30834197998047
2010-08-16,70.53787994384766
2010-08-17,70.38048553466797
2010-08-18,70.34115600585938
2010-08-19,70.34769439697266
2010-08-20,70.2624740600586
2010-08-23,70.2624740600586
2010-08-24,70.49852752685547
2010-08-25,70.49852752685547
2010-08-26,70.87882232666016
2010-08-27,70.45915222167969
2010-08-30,70.77387237548828
2010-08-31,70.97064208984375
2010-09-01,70.66889190673828
2010-09-02,70.53776550292969
2010-09-03,70.42627716064453
2010-09-07,70.81977081298828
2010-09-08,70.6098403930664
2010-09-09,70.45246887207031
2010-09-10,70.52461242675781
2010-09-13,71.00344848632812
2010-09-14,70.93124389648438
2010-09-15,70.78045654296875
2010-09-16,70.63611602783203
2010-09-17,70.43280029296875
2010-09-20,70.70826721191406
2010-09-21,71.61332702636719
2010-09-22,71.71173858642578
2010-09-23,71.65924835205078
2010-09-24,71.2985610961914
2010-09-27,71.50839233398438
2010-09-28,72.00687408447266
2010-09-29,71.68549346923828
2010-09-30,71.52808380126953
2010-10-01,71.72180938720703
2010-10-04,71.83345031738281
2010-10-05,72.2931137084961
2010-10-06,72.93006896972656
2010-10-07,72.76594543457031
2010-10-08,73.24528503417969
2010-10-11,73.24528503417969
2010-10-12,73.02201080322266
2010-10-13,73.4620132446289
2010-10-14,73.69183349609375
2010-10-15,73.21898651123047
2010-10-18,73.38320922851562
2010-10-19,73.4225845336914
2010-10-20,73.40288543701172
2010-10-21,73.40288543701172
2010-10-22,73.4225845336914
2010-10-25,73.64586639404297
2010-10-26,73.24528503417969
2010-10-27,72.79220581054688
2010-10-28,73.05485534667969
2010-10-29,73.29782104492188
2010-11-01,73.41300964355469
2010-11-02,73.59071350097656
2010-11-03,73.4590835571289
2010-11-04,73.63675689697266
2010-11-05,73.38670349121094
2010-11-08,73.48541259765625
2010-11-09,72.8206558227539
2010-11-10,72.99835205078125
2010-11-11,73.00492858886719
2010-11-12,72.40596771240234
2010-11-15,71.49774169921875
2010-11-16,71.62935638427734
2010-11-17,71.64253234863281
2010-11-18,71.76097106933594
2010-11-19,71.96501922607422
2010-11-22,72.21511840820312
2010-11-23,72.24143981933594
2010-11-24,71.85968017578125
2010-11-26,72.07035827636719
2010-11-29,72.1493148803711
2010-11-30,72.05720520019531
2010-12-01,71.58843231201172
2010-12-02,71.56206512451172
2010-12-03,71.5554428100586
2010-12-06,71.83892059326172
2010-12-07,71.12694549560547
2010-12-08,70.43473052978516
2010-12-09,70.34903717041016
2010-12-10,70.0062026977539
2010-12-13,70.42811584472656
2010-12-14,69.75567626953125
2010-12-15,69.97323608398438
2010-12-16,70.28313446044922
2010-12-17,70.75770568847656
2010-12-20,70.75115203857422
2010-12-21,70.86984252929688
2010-12-22,70.8171157836914
2010-12-23,70.55339050292969
2010-12-27,70.70503234863281
2010-12-28,70.1783218383789
2010-12-29,70.6343002319336
2010-12-30,70.5682144165039
2010-12-31,71.05728912353516
2011-01-03,70.7598876953125
2011-01-04,70.93830871582031
2011-01-05,70.6673812866211
2011-01-06,70.87223815917969
2011-01-07,71.09693145751953
2011-01-10,71.3017807006836
2011-01-11,71.32823944091797
2011-01-12,71.30843353271484
2011-01-13,71.52650451660156
2011-01-14,71.21590423583984
2011-01-18,71.22911071777344
2011-01-19,71.25554656982422
2011-01-20,70.58143615722656
2011-01-21,70.71360778808594
2011-01-24,70.6673812866211
2011-01-25,70.94496154785156
2011-01-26,70.82594299316406
2011-01-27,70.77974700927734
2011-01-28,71.0506820678711
2011-01-31,71.07049560546875
2011-02-01,71.00697326660156
2011-02-02,70.81501770019531
2011-02-03,70.44435119628906
2011-02-04,70.04724884033203
2011-02-07,70.03398132324219
2011-02-08,69.66993713378906
2011-02-09,69.86851501464844
2011-02-10,69.43832397460938
2011-02-11,69.79569244384766
2011-02-14,69.84862518310547
2011-02-15,69.93470764160156
2011-02-16,69.83539581298828
2011-02-17,70.10016632080078
2011-02-18,70.46424102783203
2011-02-22,71.0201644897461
2011-02-23,71.27832794189453
2011-02-24,71.53641510009766
2011-02-25,71.77476501464844
2011-02-28,71.58280181884766
2011-03-01,71.9968490600586
2011-03-02,71.7845230102539
2011-03-03,71.59209442138672
2011-03-04,72.0698471069336
2011-03-07,72.01008605957031
2011-03-08,72.05660247802734
2011-03-09,72.15609741210938
2011-03-10,72.56755828857422
2011-03-11,72.4480972290039
2011-03-14,72.55425262451172
2011-03-15,72.53430938720703
2011-03-16,73.05188751220703
2011-03-17,73.1978759765625
2011-03-18,73.14482879638672
2011-03-21,72.83296966552734
2011-03-22,72.65379333496094
2011-03-23,72.53430938720703
2011-03-24,72.6007080078125
2011-03-25,72.26225280761719
2011-03-28,72.30213165283203
2011-03-29,72.15609741210938
2011-03-30,72.40827941894531
2011-03-31,72.4348373413086
2011-04-01,72.62293243408203
2011-04-04,72.94981384277344
2011-04-05,72.81642150878906
2011-04-06,72.42280578613281
2011-04-07,72.54955291748047
2011-04-08,72.70299530029297
2011-04-11,72.64959716796875
2011-04-12,73.01655578613281
2011-04-13,73.17667388916016
2011-04-14,73.08323669433594
2011-04-15,73.616943359375
2011-04-18,73.6369400024414
2011-04-19,73.89712524414062
2011-04-20,73.64363098144531
2011-04-21,73.51023864746094
2011-04-25,73.7103500366211
2011-04-26,73.9638442993164
2011-04-27,73.78373718261719
2011-04-28,74.00383758544922
2011-04-29,74.15729522705078
2011-05-02,74.2807388305664
2011-05-03,74.40144348144531
2011-05-04,74.46851348876953
2011-05-05,74.3813705444336
2011-05-06,74.40814208984375
2011-05-09,74.56243133544922
2011-05-10,74.36119842529297
2011-05-11,74.12646484375
2011-05-12,74.03926086425781
2011-05-13,74.02584838867188
2011-05-16,74.04598999023438
2011-05-17,74.10635375976562
2011-05-18,74.06613159179688
2011-05-19,73.87161254882812
2011-05-20,73.84476470947266
2011-05-23,73.85147094726562
2011-05-24,74.2270736694336
2011-05-25,74.24720001220703
2011-05-26,74.42827606201172
2011-05-27,74.54903411865234
2011-05-31,74.35449981689453
2011-06-01,74.88878631591797
2011-06-02,74.61788940429688
2011-06-03,74.73302459716797
2011-06-06,74.76685333251953
2011-06-07,74.87519836425781
2011-06-08,74.8684310913086
2011-06-09,74.78038787841797
2011-06-10,74.75330352783203
2011-06-13,74.74654388427734
2011-06-14,74.54341125488281
2011-06-15,74.92938232421875
2011-06-16,74.87519836425781
2011-06-17,74.83454895019531
2011-06-20,74.63142395019531
2011-06-21,74.81426239013672
2011-06-22,74.64498901367188
2011-06-23,75.1866683959961
2011-06-24,75.47785186767578
2011-06-27,75.35595703125
2011-06-28,75.05804443359375
2011-06-29,75.08509063720703
2011-06-30,74.91583251953125
2011-07-01,75.00104522705078
2011-07-05,75.0829086303711
2011-07-06,75.30103302001953
2011-07-07,75.27377319335938
2011-07-08,75.61463165283203
2011-07-11,76.03734588623047
2011-07-12,76.3441162109375
2011-07-13,76.4873046875
2011-07-14,76.03052520751953
2011-07-15,76.26914978027344
2011-07-18,76.33734130859375
2011-07-19,76.7191162109375
2011-07-20,76.28278350830078
2011-07-21,76.12600708007812
2011-07-22,76.37822723388672
2011-07-25,76.46002960205078
2011-07-26,76.4873046875
2011-07-27,76.63046264648438
2011-07-28,76.9441146850586
2011-07-29,77.83721160888672
2011-08-01,78.05030822753906
2011-08-02,78.56425476074219
2011-08-03,78.07770538330078
2011-08-04,78.76296997070312
2011-08-05,77.86529541015625
2011-08-08,78.80411529541016
2011-08-09,79.4619369506836
2011-08-10,80.92838287353516
2011-08-11,79.24266815185547
2011-08-12,79.6949234008789
2011-08-15,79.29063415527344
2011-08-16,79.46878814697266
2011-08-17,79.87994384765625
2011-08-18,79.27008056640625
2011-08-19,79.53730773925781
2011-08-22,79.5167465209961
2011-08-23,79.02340698242188
2011-08-24,77.85844421386719
2011-08-25,78.4682846069336
2011-08-26,78.70127868652344
2011-08-29,78.23531341552734
2011-08-30,78.6944351196289
2011-08-31,78.33811950683594
2011-09-01,79.05081939697266
2011-09-02,79.91437530517578
2011-09-06,79.44144439697266
2011-09-07,79.22905731201172
2011-09-08,79.701904296875
2011-09-09,79.79784393310547
2011-09-12,79.52368927001953
2011-09-13,79.18106079101562
2011-09-14,79.08513641357422
2011-09-15,78.9274673461914
2011-09-16,78.95487213134766
2011-09-19,79.1536636352539
2011-09-20,79.49630737304688
2011-09-21,79.63339233398438
2011-09-22,79.44833374023438
2011-09-23,78.98918151855469
2011-09-26,78.61225128173828
2011-09-27,78.75614929199219
2011-09-28,78.72188568115234
2011-09-29,78.47518920898438
2011-09-30,78.33126068115234
2011-10-03,79.10206604003906
2011-10-04,79.15693664550781
2011-10-05,79.10206604003906
2011-10-06,79.09517669677734
2011-10-07,78.82747650146484
2011-10-10,78.28529357910156
2011-10-11,78.47061920166016
2011-10-12,78.1411361694336
2011-10-13,78.18917846679688
2011-10-14,78.07254028320312
2011-10-17,78.36766052246094
2011-10-18,78.74514770507812
2011-10-19,78.62158203125
2011-10-20,78.63530731201172
2011-10-21,78.55293273925781
2011-10-24,78.78628540039062
2011-10-25,79.49324035644531
2011-10-26,79.42461395263672
2011-10-27,78.97164154052734
2011-10-28,79.24612426757812
2011-10-31,79.953125
2011-11-01,80.93074798583984
2011-11-02,80.95830535888672
2011-11-03,80.3936996459961
2011-11-04,80.82745361328125
2011-11-07,81.23369598388672
2011-11-08,80.6966781616211
2011-11-09,80.68292999267578
2011-11-10,80.8412857055664
2011-11-11,80.59341430664062
2011-11-14,80.70356750488281
2011-11-15,80.3936996459961
2011-11-16,80.16654968261719
2011-11-17,80.15965270996094
2011-11-18,80.18034362792969
2011-11-21,80.03571319580078
2011-11-22,80.2835693359375
2011-11-23,80.62090301513672
2011-11-25,80.36620330810547
2011-11-28,80.6278076171875
2011-11-29,80.607177734375
2011-11-30,80.37305450439453
2011-12-01,80.3462142944336
2011-12-02,80.7118148803711
2011-12-05,80.69804382324219
2011-12-06,80.49795532226562
2011-12-07,80.35999298095703
2011-12-08,80.39445495605469
2011-12-09,79.96670532226562
2011-12-12,80.33930206298828
2011-12-13,80.56000518798828
2011-12-14,80.71874237060547
2011-12-15,80.51866149902344
2011-12-16,80.69804382324219
2011-12-19,81.02224731445312
2011-12-20,81.070556640625
2011-12-21,80.75322723388672
2011-12-22,80.7118148803711
2011-12-23,80.61527252197266
2011-12-27,80.39445495605469
2011-12-28,80.6014175415039
2011-12-29,80.53245544433594
2011-12-30,80.5048828125
2012-01-03,80.47724914550781
2012-01-04,80.55311584472656
2012-01-05,80.70491027832031
2012-01-06,80.97396087646484
2012-01-09,81.05677795410156
2012-01-10,80.80839538574219
2012-01-11,81.01536560058594
2012-01-12,80.89118957519531
2012-01-13,81.11888122558594
2012-01-17,81.20165252685547
2012-01-18,81.13957977294922
2012-01-19,80.84291076660156
2012-01-20,80.67733764648438
2012-01-23,80.51173400878906
2012-01-24,80.51866149902344
2012-01-25,81.13957977294922
2012-01-26,81.51212310791016
2012-01-27,81.68460083007812
2012-01-30,81.95364379882812
2012-01-31,82.34689331054688
2012-02-01,82.29861450195312
2012-02-02,82.29861450195312
2012-02-03,81.60870361328125
2012-02-06,81.97433471679688
2012-02-07,81.67076110839844
2012-02-08,81.65010070800781
2012-02-09,81.33966064453125
2012-02-10,81.71906280517578
2012-02-13,81.88462829589844
2012-02-14,81.88462829589844
2012-02-15,82.03641510009766
2012-02-16,81.8294906616211
2012-02-17,81.63630676269531
2012-02-21,81.5880355834961
2012-02-22,82.05023193359375
2012-02-23,82.07782745361328
2012-02-24,82.09854888916016
2012-02-27,82.2296142578125
2012-02-28,82.24343872070312
2012-02-29,81.87084197998047
2012-03-01,81.67076110839844
2012-03-02,81.67770385742188
2012-03-05,81.30512237548828
2012-03-06,81.53971099853516
2012-03-07,81.71906280517578
2012-03-08,81.68460083007812
2012-03-09,81.8294906616211
2012-03-12,81.93294525146484
2012-03-13,81.73290252685547
2012-03-14,80.97396087646484
2012-03-15,81.0843734741211
2012-03-16,81.13268280029297
2012-03-19,80.91879272460938
2012-03-20,80.84291076660156
2012-03-21,80.99466705322266
2012-03-22,81.0843734741211
2012-03-23,81.3465347290039
2012-03-26,81.11197662353516
2012-03-27,81.40174102783203
2012-03-28,81.29825592041016
2012-03-29,81.43624114990234
2012-03-30,81.16716766357422
2012-04-02,81.57809448242188
2012-04-03,80.97624206542969
2012-04-04,80.99007415771484
2012-04-05,81.20452117919922
2012-04-09,81.57809448242188
2012-04-10,82.04850006103516
2012-04-11,82.1799545288086
2012-04-12,82.02777862548828
2012-04-13,82.37369537353516
2012-04-16,82.32523345947266
2012-04-17,82.5051498413086
2012-04-18,82.40828704833984
2012-04-19,82.19380950927734
2012-04-20,82.40135192871094
2012-04-23,82.49125671386719
2012-04-24,82.51205444335938
2012-04-25,82.47745513916016
2012-04-26,82.78875732421875
2012-04-27,82.7057876586914
2012-04-30,82.61580657958984
2012-05-01,82.64776611328125
2012-05-02,82.73802185058594
2012-05-03,82.63385772705078
2012-05-04,82.80742645263672
2012-05-07,82.80049896240234
2012-05-08,82.9532241821289
2012-05-09,82.85604858398438
2012-05-10,82.84212493896484
2012-05-11,82.88382720947266
2012-05-14,83.27262878417969
2012-05-15,83.36983489990234
2012-05-16,83.20320129394531
2012-05-17,83.47390747070312
2012-05-18,83.6683578491211
2012-05-21,83.77943420410156
2012-05-22,83.60588073730469
2012-05-23,83.61280059814453
2012-05-24,83.4947509765625
2012-05-25,83.57810974121094
2012-05-29,83.33509826660156
2012-05-30,83.82109832763672
2012-05-31,84.22376251220703
2012-06-01,84.57598114013672
2012-06-04,84.41527557373047
2012-06-05,84.34537506103516
2012-06-06,83.94700622558594
2012-06-07,83.93299865722656
2012-06-08,83.9959487915039
2012-06-11,83.98892974853516
2012-06-12,83.80721282958984
2012-06-13,83.9959487915039
2012-06-14,83.88407897949219
2012-06-15,84.41527557373047
2012-06-18,84.37332916259766
2012-06-19,84.28250122070312
2012-06-20,84.17066192626953
2012-06-21,83.81420135498047
2012-06-22,83.40882110595703
2012-06-25,83.79322814941406
2012-06-26,83.73734283447266
2012-06-27,83.82121276855469
2012-06-28,83.85616302490234
2012-06-29,83.6604232788086
2012-07-02,83.83849334716797
2012-07-03,83.9857177734375
2012-07-05,84.1679458618164
2012-07-06,84.29415130615234
2012-07-09,84.45539093017578
2012-07-10,84.67266845703125
2012-07-11,84.58851623535156
2012-07-12,84.7568359375
2012-07-13,84.79888153076172
2012-07-16,84.89698791503906
2012-07-17,84.78482818603516
2012-07-18,84.8058853149414
2012-07-19,84.88301086425781
2012-07-20,85.14933776855469
2012-07-23,85.07923126220703
2012-07-24,85.12832641601562
2012-07-25,85.03719329833984
2012-07-26,84.91803741455078
2012-07-27,84.67266845703125
2012-07-30,84.9109878540039
2012-07-31,85.12832641601562
2012-08-01,85.1633529663086
2012-08-02,85.14933776855469
2012-08-03,84.99515533447266
2012-08-06,85.05120849609375
2012-08-07,84.86894989013672
2012-08-08,84.61658477783203
2012-08-09,84.45539093017578
2012-08-10,84.51144409179688
2012-08-13,84.39932250976562
2012-08-14,84.02778625488281
2012-08-15,83.40388488769531
2012-08-16,83.20059204101562
2012-08-17,83.31275177001953
2012-08-20,83.27066802978516
2012-08-21,83.32678985595703
2012-08-22,84.0067138671875
2012-08-23,84.39932250976562
2012-08-24,84.38525390625
2012-08-27,84.65863800048828
2012-08-28,84.87593078613281
2012-08-29,84.58851623535156
2012-08-30,84.52544403076172
2012-08-31,84.91803741455078
2012-09-04,84.8058853149414
2012-09-05,84.94609069824219
2012-09-06,84.4833755493164
2012-09-07,84.7568359375
2012-09-10,84.97410583496094
2012-09-11,84.89000701904297
2012-09-12,84.47639465332031
2012-09-13,85.18437957763672
2012-09-14,85.47178649902344
2012-09-17,85.39471435546875
2012-09-18,85.2825698852539
2012-09-19,85.38768005371094
2012-09-20,85.10026550292969
2012-09-21,85.17036437988281
2012-09-24,85.1142807006836
2012-09-25,85.22642517089844
2012-09-26,85.4227066040039
2012-09-27,85.4087142944336
2012-09-28,85.35261535644531
2012-10-01,85.5208511352539
2012-10-02,85.87137603759766
2012-10-03,85.96250915527344
2012-10-04,86.08863830566406
2012-10-05,85.91338348388672
2012-10-08,86.1167221069336
2012-10-09,85.89942932128906
2012-10-10,85.80825805664062
2012-10-11,85.7311782836914
2012-10-12,85.66105651855469
2012-10-15,85.654052734375
2012-10-16,85.28955841064453
2012-10-17,85.03719329833984
2012-10-18,85.03020477294922
2012-10-19,85.31759643554688
2012-10-22,85.17736053466797
2012-10-23,85.35963439941406
2012-10-24,85.22642517089844
2012-10-25,84.97410583496094
2012-10-26,85.39471435546875
2012-10-31,85.88543701171875
2012-11-01,85.78844451904297
2012-11-02,85.7392349243164
2012-11-05,85.85164642333984
2012-11-06,85.6268081665039
2012-11-07,86.11869812011719
2012-11-08,86.5824203491211
2012-11-09,86.26622772216797
2012-11-12,86.49810028076172
2012-11-13,86.39971923828125
2012-11-14,86.31546020507812
2012-11-15,86.252197265625
2012-11-16,86.30841827392578
2012-11-19,86.14676666259766
2012-11-20,85.90087127685547
2012-11-21,85.69706726074219
2012-11-23,85.6338119506836
2012-11-26,85.87274169921875
2012-11-27,85.87274169921875
2012-11-28,86.0765380859375
2012-11-29,86.23110961914062
2012-11-30,86.36460876464844
2012-12-03,86.62210845947266
2012-12-04,86.65033721923828
2012-12-05,86.8055191040039
2012-12-06,86.98188018798828
2012-12-07,86.87609100341797
2012-12-10,86.98188018798828
2012-12-11,86.72795104980469
2012-12-12,86.45986938476562
2012-12-13,86.22000885009766
2012-12-14,86.31169128417969
2012-12-17,85.98719024658203
2012-12-18,85.74026489257812
2012-12-19,85.81082916259766
2012-12-20,85.85314178466797
2012-12-21,86.09298706054688
2012-12-24,85.99427032470703
2012-12-26,86.10639190673828
2012-12-27,86.2051773071289
2012-12-28,86.17699432373047
2012-12-31,85.65491485595703
2013-01-02,85.60554504394531
2013-01-03,85.01998138427734
2013-01-04,84.98466491699219
2013-01-07,85.2739486694336
2013-01-08,85.39386749267578
2013-01-09,85.54908752441406
2013-01-10,85.4714584350586
2013-01-11,85.54908752441406
2013-01-14,85.57730102539062
2013-01-15,85.63372802734375
2013-01-16,85.61256408691406
2013-01-17,85.46440124511719
2013-01-18,85.60554504394531
2013-01-22,85.59139251708984
2013-01-23,85.60554504394531
2013-01-24,85.55611419677734
2013-01-25,85.19630432128906
2013-01-28,85.08345031738281
2013-01-29,84.9282455444336
2013-01-30,84.95645904541016
2013-01-31,85.21043395996094
2013-02-01,84.7941665649414
2013-02-04,85.34449005126953
2013-02-05,85.09754180908203
2013-02-06,85.19630432128906
2013-02-07,85.11872863769531
2013-02-08,85.09051513671875
2013-02-11,85.02703094482422
2013-02-12,85.01998138427734
2013-02-13,84.7801284790039
2013-02-14,84.9282455444336
2013-02-15,84.69544982910156
2013-02-19,84.6530990600586
2013-02-20,84.67424011230469
2013-02-21,84.7801284790039
2013-02-22,84.9634780883789
2013-02-25,85.38683319091797
2013-02-26,85.18222045898438
2013-02-27,85.18222045898438
2013-02-28,85.37271118164062
2013-03-01,85.73249053955078
2013-03-04,85.46440124511719
2013-03-05,85.44322967529297
2013-03-06,85.25276184082031
2013-03-07,84.93529510498047
2013-03-08,84.66014862060547
2013-03-11,84.6178207397461
2013-03-12,84.77304077148438
2013-03-13,84.7941665649414
2013-03-14,84.94237518310547
2013-03-15,85.05522918701172
2013-03-18,85.23866271972656
2013-03-19,85.32331085205078
2013-03-20,85.08345031738281
2013-03-21,85.12577819824219
2013-03-22,85.2739486694336
2013-03-25,85.28099822998047
2013-03-26,85.33037567138672
2013-03-27,85.59139251708984
2013-03-28,85.55611419677734
2013-04-01,85.5914306640625
2013-04-02,85.54907989501953
2013-04-03,85.76793670654297
2013-04-04,86.17030334472656
2013-04-05,86.5303726196289
2013-04-08,86.14917755126953
2013-04-09,86.07147216796875
2013-04-10,85.5914306640625
2013-04-11,85.83146667480469
2013-04-12,86.18445587158203
2013-04-15,86.17030334472656
2013-04-16,86.0220947265625
2013-04-17,86.00794219970703
2013-04-18,85.40788269042969
2013-04-19,85.73966217041016
2013-04-22,85.96562194824219
2013-04-23,86.00794219970703
2013-04-24,86.13502502441406
2013-04-25,86.19854736328125
2013-04-26,86.51624298095703
2013-04-29,86.28331756591797
2013-04-30,86.2338638305664
2013-05-01,86.21334838867188
2013-05-02,86.12133026123047
2013-05-03,85.53388977050781
2013-05-06,85.40650177001953
2013-05-07,85.39937591552734
2013-05-08,85.2154312133789
2013-05-09,85.17997741699219
2013-05-10,84.93934631347656
2013-05-13,84.68456268310547
2013-05-14,84.3236312866211
2013-05-15,84.3519058227539
2013-05-16,84.59254455566406
2013-05-17,84.16789245605469
2013-05-20,84.14666748046875
2013-05-21,84.3236312866211
2013-05-22,83.5662612915039
2013-05-23,83.5875473022461
2013-05-24,83.6583023071289
2013-05-28,82.9010009765625
2013-05-29,82.84435272216797
2013-05-30,82.5400390625
2013-05-31,82.61790466308594
2013-06-03,82.54200744628906
2013-06-04,82.38585662841797
2013-06-05,82.48518371582031
2013-06-06,82.39295196533203
2013-06-07,81.91046905517578
2013-06-10,81.34281921386719
2013-06-11,81.30025482177734
2013-06-12,80.67583465576172
2013-06-13,81.29312133789062
2013-06-14,81.22218322753906
2013-06-17,80.95967864990234
2013-06-18,81.17961883544922
2013-06-19,80.10108947753906
2013-06-20,79.29222869873047
2013-06-21,78.36268615722656
2013-06-24,78.06463623046875
2013-06-25,78.19950103759766
2013-06-26,78.55430603027344
2013-06-27,79.20703887939453
2013-06-28,79.47672271728516
2013-07-01,79.58964538574219
2013-07-02,79.84547424316406
2013-07-03,79.69623565673828
2013-07-05,78.60923767089844
2013-07-08,79.10652160644531
2013-07-09,79.07096862792969
2013-07-10,78.80106353759766
2013-07-11,79.34810638427734
2013-07-12,79.37649536132812
2013-07-15,79.76017761230469
2013-07-16,80.07989501953125
2013-07-17,80.30013275146484
2013-07-18,80.00884246826172
2013-07-19,80.58438110351562
2013-07-22,80.55595397949219
2013-07-23,80.37120056152344
2013-07-24,79.71754455566406
2013-07-25,79.76017761230469
2013-07-26,79.7814712524414
2013-07-29,79.72465515136719
2013-07-30,79.68913269042969
2013-07-31,80.19359588623047
2013-08-01,79.63196563720703
2013-08-02,80.03719329833984
2013-08-05,80.04429626464844
2013-08-06,80.23624420166016
2013-08-07,80.42818450927734
2013-08-08,80.51351165771484
2013-08-09,80.59172821044922
2013-08-12,80.37847137451172
2013-08-13,79.67460632324219
2013-08-14,79.50399017333984
2013-08-15,78.93524932861328
2013-08-16,78.56552124023438
2013-08-19,78.09634399414062
2013-08-20,78.57976531982422
2013-08-21,78.02523040771484
2013-08-22,78.06077575683594
2013-08-23,78.60823822021484
2013-08-26,78.88546752929688
2013-08-27,79.36890411376953
2013-08-28,79.07737731933594
2013-08-29,78.97080993652344
2013-08-30,78.7291030883789
2013-09-03,78.31844329833984
2013-09-04,77.91999816894531
2013-09-05,77.35780334472656
2013-09-06,77.67804718017578
2013-09-09,77.82039642333984
2013-09-10,77.69226837158203
2013-09-11,78.13343811035156
2013-09-12,78.16907501220703
2013-09-13,78.1618881225586
2013-09-16,78.3753890991211
2013-09-17,78.68135833740234
2013-09-18,79.72744750976562
2013-09-19,79.47125244140625
2013-09-20,79.69188690185547
2013-09-23,79.96940612792969
2013-09-24,79.98360443115234
2013-09-25,80.05479431152344
2013-09-26,79.9409408569336
2013-09-27,79.96221923828125
2013-09-30,80.11170959472656
2013-10-01,80.00993347167969
2013-10-02,80.13804626464844
2013-10-03,80.19497680664062
2013-10-04,80.02410888671875
2013-10-07,80.10953521728516
2013-10-08,79.89599609375
2013-10-09,79.90310668945312
2013-10-10,79.83905792236328
2013-10-11,79.82478332519531
2013-10-14,79.47599029541016
2013-10-15,79.63262939453125
2013-10-16,79.79634857177734
2013-10-17,80.10953521728516
2013-10-18,80.22346496582031
2013-10-21,80.15941619873047
2013-10-22,80.56517028808594
2013-10-23,80.52957153320312
2013-10-24,80.55804443359375
2013-10-25,80.73605346679688
2013-10-28,80.70046997070312
2013-10-29,80.65060424804688
2013-10-30,80.54381561279297
2013-10-31,80.38717651367188
2013-11-01,79.84418487548828
2013-11-04,79.88693237304688
2013-11-05,79.57337951660156
2013-11-06,80.02949523925781
2013-11-07,80.13634490966797
2013-11-08,79.45222473144531
2013-11-11,79.30255126953125
2013-11-12,79.34532165527344
2013-11-13,79.4806900024414
2013-11-14,79.91543579101562
2013-11-15,79.9510269165039
2013-11-18,80.16487884521484
2013-11-19,79.85130310058594
2013-11-20,79.35958862304688
2013-11-21,79.49502563476562
2013-11-22,79.71591186523438
2013-11-25,79.7657699584961
2013-11-26,79.7586441040039
2013-11-27,79.6019058227539
2013-11-29,79.53771209716797
2013-12-02,79.18824005126953
2013-12-03,79.23104858398438
2013-12-04,78.78886413574219
2013-12-05,78.69617462158203
2013-12-06,78.68899536132812
2013-12-09,78.75318908691406
2013-12-10,78.96002960205078
2013-12-11,78.83165740966797
2013-12-12,78.61054992675781
2013-12-13,78.8387680053711
2013-12-16,78.89582824707031
2013-12-17,79.13121032714844
2013-12-18,78.78170776367188
2013-12-19,78.48933410644531
2013-12-20,78.75318908691406
2013-12-23,78.61769104003906
2013-12-24,78.35383605957031
2013-12-26,78.31810760498047
2013-12-27,78.27536010742188
2013-12-30,78.49645233154297
2013-12-31,78.3823013305664
2014-01-02,78.63910675048828
2014-01-03,78.60343933105469
2014-01-06,78.86731719970703
2014-01-07,78.88158416748047
2014-01-08,78.83165740966797
2014-01-09,79.13121032714844
2014-01-10,79.55198669433594
2014-01-13,79.58765411376953
2014-01-14,79.31661987304688
2014-01-15,79.24531555175781
2014-01-16,79.30948638916016
2014-01-17,79.45927429199219
2014-01-21,79.30948638916016
2014-01-22,79.17399597167969
2014-01-23,79.51636505126953
2014-01-24,79.74456024169922
2014-01-27,79.4664535522461
2014-01-28,79.62332153320312
2014-01-29,79.9228744506836
2014-01-30,79.87299346923828
2014-01-31,80.02985382080078
2014-02-03,80.50057220458984
2014-02-04,80.151123046875
2014-02-05,79.80162811279297
2014-02-06,79.81587219238281
2014-02-07,80.04412078857422
2014-02-10,80.11546325683594
2014-02-11,79.85865020751953
2014-02-12,79.65898132324219
2014-02-13,79.93002319335938
2014-02-14,79.76598358154297
2014-02-18,79.91574096679688
2014-02-19,79.75882720947266
2014-02-20,79.51636505126953
2014-02-21,79.65898132324219
2014-02-24,79.65898132324219
2014-02-25,79.96566772460938
2014-02-26,80.151123046875
2014-02-27,80.26519775390625
2014-02-28,80.37933349609375
2014-03-03,80.7502212524414
2014-03-04,80.22956085205078
2014-03-05,80.34366607666016
2014-03-06,80.14392852783203
2014-03-07,79.97280883789062
2014-03-10,80.00846862792969
2014-03-11,79.9870834350586
2014-03-12,80.15824890136719
2014-03-13,80.4863052368164
2014-03-14,80.4720458984375
2014-03-17,80.28657531738281
2014-03-18,80.4435043334961
2014-03-19,79.70174407958984
2014-03-20,79.4521484375
2014-03-21,79.7516860961914
2014-03-24,79.85152435302734
2014-03-25,79.83015441894531
2014-03-26,80.10830688476562
2014-03-27,80.13683319091797
2014-03-28,79.93717193603516
2014-03-31,79.9513931274414
2014-04-01,79.67325592041016
2014-04-02,79.49492645263672
2014-04-03,79.58765411376953
2014-04-04,79.9513931274414
2014-04-07,80.07266998291016
2014-04-08,80.11546325683594
2014-04-09,80.17247009277344
2014-04-10,80.45063781738281
2014-04-11,80.6574935913086
2014-04-14,80.50057220458984
2014-04-15,80.70028686523438
2014-04-16,80.7502212524414
2014-04-17,80.65032196044922
2014-04-21,80.65032196044922
2014-04-22,80.65032196044922
2014-04-23,80.89999389648438
2014-04-24,80.94990539550781
2014-04-25,80.985595703125
2014-04-28,80.74302673339844
2014-04-29,80.69309997558594
2014-04-30,81.00691986083984
2014-05-01,81.29861450195312
2014-05-02,81.51307678222656
2014-05-05,81.34151458740234
2014-05-06,81.3128890991211
2014-05-07,81.36295318603516
2014-05-08,81.47733306884766
2014-05-09,81.42729187011719
2014-05-12,81.2057113647461
2014-05-13,81.41303253173828
2014-05-14,81.87763214111328
2014-05-15,82.25650024414062
2014-05-16,82.17070770263672
2014-05-19,81.92764282226562
2014-05-20,82.08494567871094
2014-05-21,82.03490447998047
2014-05-22,82.16356658935547
2014-05-23,82.35658264160156
2014-05-27,82.40663146972656
2014-05-28,82.85696411132812
2014-05-29,82.82124328613281
2014-05-30,82.62825012207031
2014-06-02,82.29391479492188
2014-06-03,81.81224822998047
2014-06-04,81.59656524658203
2014-06-05,81.80506134033203
2014-06-06,81.80506134033203
2014-06-09,81.79788970947266
2014-06-10,81.66129302978516
2014-06-11,81.7403564453125
2014-06-12,81.98480224609375
2014-06-13,81.84819030761719
2014-06-16,81.92726135253906
2014-06-17,81.81224822998047
2014-06-18,82.21483612060547
2014-06-19,82.099853515625
2014-06-20,82.40172576904297
2014-06-23,82.32987213134766
2014-06-24,82.70370483398438
2014-06-25,82.7396469116211
2014-06-26,82.89778900146484
2014-06-27,82.92655181884766
2014-06-30,82.93375396728516
2014-07-01,82.60494232177734
2014-07-02,82.21558380126953
2014-07-03,82.28047180175781
2014-07-07,82.43907928466797
2014-07-08,82.70590209960938
2014-07-09,82.90780639648438
2014-07-10,83.00875854492188
2014-07-11,83.13131713867188
2014-07-14,82.9654541015625
2014-07-15,82.78519439697266
2014-07-16,82.76360321044922
2014-07-17,83.28276062011719
2014-07-18,83.12410736083984
2014-07-21,83.27555847167969
2014-07-22,83.20342254638672
2014-07-23,83.19621276855469
2014-07-24,83.04481506347656
2014-07-25,83.40533447265625
2014-07-28,83.31159210205078
2014-07-29,83.43415832519531
2014-07-30,82.88616180419922
2014-07-31,82.8572769165039
2014-08-01,83.17266845703125
2014-08-04,83.04972076416016
2014-08-05,83.14375305175781
2014-08-06,83.15098571777344
2014-08-07,83.51262664794922
2014-08-08,83.4403076171875
2014-08-11,83.4475326538086
2014-08-12,83.19438171386719
2014-08-13,83.43303680419922
2014-08-14,83.51984405517578
2014-08-15,83.72237396240234
2014-08-18,83.39689636230469
2014-08-19,83.24501037597656
2014-08-20,82.99908447265625
2014-08-21,83.15821075439453
2014-08-22,83.12203216552734
2014-08-25,83.22328186035156
2014-08-26,83.15821075439453
2014-08-27,83.31012725830078
2014-08-28,83.4403076171875
2014-08-29,83.3607406616211
2014-09-02,82.9144287109375
2014-09-03,83.06656646728516
2014-09-04,82.75507354736328
2014-09-05,82.6680908203125
2014-09-08,82.4652328491211
2014-09-09,82.22612762451172
2014-09-10,81.91461181640625
2014-09-11,81.95081329345703
2014-09-12,81.62478637695312
2014-09-15,81.71895599365234
2014-09-16,81.69721984863281
2014-09-17,81.14659881591797
2014-09-18,80.93647003173828
2014-09-19,81.17561340332031
2014-09-22,81.11759948730469
2014-09-23,81.42193603515625
2014-09-24,81.3494644165039
2014-09-25,81.64649963378906
2014-09-26,81.22628784179688
2014-09-29,81.28424072265625
2014-09-30,81.19727325439453
2014-10-01,81.77693176269531
2014-10-02,81.57405853271484
2014-10-03,81.4436264038086
2014-10-06,81.51609802246094
2014-10-07,81.85663604736328
2014-10-08,82.30585479736328
2014-10-09,82.2188949584961
2014-10-10,82.44351196289062
2014-10-13,82.82747650146484
2014-10-14,82.63186645507812
2014-10-15,82.7260513305664
2014-10-16,82.6246109008789
2014-10-17,82.59563446044922
2014-10-20,82.6246109008789
2014-10-21,82.45800018310547
2014-10-22,82.4217529296875
2014-10-23,82.12470245361328
2014-10-24,82.0811996459961
2014-10-27,82.03777313232422
2014-10-28,82.00152587890625
2014-10-29,81.8928451538086
2014-10-30,81.86390686035156
2014-10-31,81.9290542602539
2014-11-03,81.9290542602539
2014-11-04,81.90006256103516
2014-11-05,81.97980499267578
2014-11-06,81.8421401977539
2014-11-07,82.3203125
2014-11-10,82.03053283691406
2014-11-11,82.01603698730469
2014-11-12,81.90006256103516
2014-11-13,81.80593872070312
2014-11-14,82.01603698730469
2014-11-17,81.7334976196289
2014-11-18,81.80593872070312
2014-11-19,81.45816802978516
2014-11-20,81.66825866699219
2014-11-21,81.91461181640625
2014-11-24,81.97980499267578
2014-11-25,82.05224609375
2014-11-26,82.09574127197266
2014-11-28,82.0594711303711
2014-12-01,81.86376953125
2014-12-02,81.39984130859375
2014-12-03,81.50132751464844
2014-12-04,81.66079711914062
2014-12-05,81.18960571289062
2014-12-08,81.2548599243164
2014-12-09,81.602783203125
2014-12-10,81.76953125
2014-12-11,81.66079711914062
2014-12-12,81.75503540039062
2014-12-15,81.43606567382812
2014-12-16,81.9435043334961
2014-12-17,81.55929565429688
2014-12-18,81.04460906982422
2014-12-19,81.44334411621094
2014-12-22,81.5230712890625
2014-12-23,80.93589782714844
2014-12-24,80.84884643554688
2014-12-26,80.87789916992188
2014-12-29,81.00115203857422
2014-12-30,80.9793701171875
2014-12-31,81.19686126708984
2015-01-02,81.71876525878906
2015-01-05,81.78400421142578
2015-01-06,81.79126739501953
2015-01-07,81.85649871826172
2015-01-08,81.72601318359375
2015-01-09,81.97248077392578
2015-01-12,81.95077514648438
2015-01-13,81.82026672363281
2015-01-14,82.30595397949219
2015-01-15,82.9583740234375
2015-01-16,82.49444580078125
2015-01-20,82.690185546875
2015-01-21,82.34950256347656
2015-01-22,82.37122344970703
2015-01-23,82.87137603759766
2015-01-26,82.73367309570312
2015-01-27,82.99461364746094
2015-01-28,83.31359100341797
2015-01-29,83.21935272216797
2015-01-30,83.821044921875
2015-02-02,83.76303100585938
2015-02-03,83.37881469726562
2015-02-04,83.55280303955078
2015-02-05,83.19033813476562
2015-02-06,82.53794860839844
2015-02-09,82.3929672241211
2015-02-10,82.11749267578125
2015-02-11,81.96521759033203
2015-02-12,81.83477783203125
2015-02-13,81.66802978515625
2015-02-17,81.2548599243164
2015-02-18,81.59554290771484
2015-02-19,81.53032684326172
2015-02-20,81.53755187988281
2015-02-23,81.68975830078125
2015-02-24,82.1827392578125
2015-02-25,82.32044219970703
2015-02-26,82.2624740600586
2015-02-27,82.74090576171875
2015-03-02,82.06673431396484
2015-03-03,82.1827392578125
2015-03-04,82.2624740600586
2015-03-05,82.11749267578125
2015-03-06,81.16786193847656
2015-03-09,81.04460906982422
2015-03-10,81.13885498046875
2015-03-11,81.27658081054688
2015-03-12,81.09534454345703
2015-03-13,80.83439636230469
2015-03-16,80.95038604736328
2015-03-17,81.0301513671875
2015-03-18,82.26969146728516
2015-03-19,82.21898651123047
2015-03-20,82.46544647216797
2015-03-23,82.4292221069336
2015-03-24,82.82791137695312
2015-03-25,82.80616760253906
2015-03-26,82.36396026611328
2015-03-27,82.40021514892578
2015-03-30,82.15375518798828
2015-03-31,82.34219360351562
2015-04-01,82.98013305664062
2015-04-02,82.6756820678711
2015-04-06,83.00188446044922
2015-04-07,83.18309020996094
2015-04-08,82.98013305664062
2015-04-09,82.68293762207031
2015-04-10,82.60318756103516
2015-04-13,82.62491607666016
2015-04-14,82.8424072265625
2015-04-15,83.09612274169922
2015-04-16,83.19033813476562
2015-04-17,83.71955108642578
2015-04-20,83.49480438232422
2015-04-21,83.19761657714844
2015-04-22,82.81336975097656
2015-04-23,83.02359008789062
2015-04-24,83.37881469726562
2015-04-27,83.393310546875
2015-04-28,82.91486358642578
2015-04-29,82.76264190673828
2015-04-30,82.900390625
2015-05-01,82.55973052978516
2015-05-04,82.24071502685547
2015-05-05,82.20449829101562
2015-05-06,81.5448226928711
2015-05-07,81.75503540039062
2015-05-08,82.09574890136719
2015-05-11,81.3490982055664
2015-05-12,81.42881774902344
2015-05-13,81.30555725097656
2015-05-14,81.45777893066406
2015-05-15,82.02325439453125
2015-05-18,81.58831024169922
2015-05-19,81.19686126708984
2015-05-20,81.4143295288086
2015-05-21,81.72601318359375
2015-05-22,81.86376953125
2015-05-26,81.92900848388672
2015-05-27,81.85649871826172
2015-05-28,81.8057632446289
2015-05-29,82.06673431396484
2015-06-01,81.55929565429688
2015-06-02,81.2258529663086
2015-06-03,80.72563171386719
2015-06-04,80.95038604736328
2015-06-05,80.72563171386719
2015-06-08,80.83439636230469
2015-06-09,80.65315246582031
2015-06-10,80.36317443847656
2015-06-11,80.76187133789062
2015-06-12,80.80536651611328
2015-06-15,81.06636810302734
2015-06-16,81.5448226928711
2015-06-17,81.63904571533203
2015-06-18,81.44334411621094
2015-06-19,81.63179779052734
2015-06-22,81.26931762695312
2015-06-23,81.088134765625
2015-06-24,81.23310852050781
2015-06-25,81.14613342285156
2015-06-26,80.78364562988281
2015-06-29,81.37806701660156
2015-06-30,81.2258529663086
2015-07-01,80.92863464355469
2015-07-02,81.28382873535156
2015-07-06,81.602783203125
2015-07-07,81.87100982666016
2015-07-08,81.97248077392578
2015-07-09,81.44334411621094
2015-07-10,81.0591049194336
2015-07-13,80.77641296386719
2015-07-14,80.90686798095703
2015-07-15,81.13159942626953
2015-07-16,81.23310852050781
2015-07-17,81.20409393310547
2015-07-20,80.98661804199219
2015-07-21,81.17510986328125
2015-07-22,81.21131896972656
2015-07-23,81.3490982055664
2015-07-24,81.26206970214844
2015-07-27,81.42881774902344
2015-07-28,81.23310852050781
2015-07-29,81.2258529663086
2015-07-30,81.34182739257812
2015-07-31,81.66079711914062
2015-08-03,81.58831024169922
2015-08-04,81.13159942626953
2015-08-05,80.87789916992188
2015-08-06,81.02287292480469
2015-08-07,81.24762725830078
2015-08-10,81.13159942626953
2015-08-11,81.465087890625
2015-08-12,81.27658081054688
2015-08-13,81.0591049194336
2015-08-14,80.97212982177734
2015-08-17,80.9648666381836
2015-08-18,80.7691421508789
2015-08-19,81.04460906982422
2015-08-20,81.26931762695312
2015-08-21,81.2983627319336
2015-08-24,81.01560974121094
2015-08-25,80.81990051269531
2015-08-26,80.33421325683594
2015-08-27,80.72563171386719
2015-08-28,80.95761108398438
2015-08-31,80.88514709472656
2015-09-01,80.7383041381836
2015-09-02,80.48390197753906
2015-09-03,80.49120330810547
2015-09-04,80.62200164794922
2015-09-08,80.2585678100586
2015-09-09,80.44025421142578
2015-09-10,80.4621353149414
2015-09-11,80.68742370605469
2015-09-14,80.53480529785156
2015-09-15,79.98959350585938
2015-09-16,79.96773529052734
2015-09-17,80.5929183959961
2015-09-18,80.84732818603516
2015-09-21,80.33850860595703
2015-09-22,80.53480529785156
2015-09-23,80.47660064697266
2015-09-24,80.48390197753906
2015-09-25,80.05501556396484
2015-09-28,80.07682037353516
2015-09-29,80.30215454101562
2015-09-30,80.4621353149414
2015-10-01,80.75444793701172
2015-10-02,81.21991729736328
2015-10-05,80.97264862060547
2015-10-06,81.20542907714844
2015-10-07,81.19085693359375
2015-10-08,81.1617431640625
2015-10-09,80.936279296875
2015-10-12,81.08177185058594
2015-10-13,81.0381088256836
2015-10-14,81.31448364257812
2015-10-15,81.1617431640625
2015-10-16,80.94355773925781
2015-10-19,80.80535125732422
2015-10-20,80.7108154296875
2015-10-21,80.76170349121094
2015-10-22,81.0381088256836
2015-10-23,80.92176055908203
2015-10-26,80.89988708496094
2015-10-27,81.08177185058594
2015-10-28,80.6744613647461
2015-10-29,80.45626068115234
2015-10-30,80.70350646972656
2015-11-02,80.66719055175781
2015-11-03,80.52900695800781
2015-11-04,80.41991424560547
2015-11-05,80.16532135009766
2015-11-06,79.83078002929688
2015-11-09,79.80165100097656
2015-11-10,79.77259826660156
2015-11-11,79.76529693603516
2015-11-12,79.76529693603516
2015-11-13,79.87440490722656
2015-11-16,79.83078002929688
2015-11-17,79.97624969482422
2015-11-18,80.09259033203125
2015-11-19,80.37623596191406
2015-11-20,80.44174194335938
2015-11-23,80.53628540039062
2015-11-24,80.62355041503906
2015-11-25,80.57988739013672
2015-11-27,80.62355041503906
2015-11-30,80.58719635009766
2015-12-01,80.88536834716797
2015-12-02,80.60897827148438
2015-12-03,80.10712432861328
2015-12-04,80.31080627441406
2015-12-07,80.28169250488281
2015-12-08,80.30351257324219
2015-12-09,80.15074920654297
2015-12-10,79.97624969482422
2015-12-11,80.2380599975586
2015-12-14,79.66354370117188
2015-12-15,79.61988067626953
2015-12-16,79.38709259033203
2015-12-17,79.66354370117188
2015-12-18,79.88168334960938
2015-12-21,79.73619842529297
2015-12-22,79.62709045410156
2015-12-23,79.69982147216797
2015-12-24,79.83802795410156
2015-12-28,79.85986328125
2015-12-29,79.55438995361328
2015-12-30,79.64164733886719
2015-12-31,79.77259826660156
2016-01-04,80.08531188964844
2016-01-05,80.03443908691406
2016-01-06,80.28897094726562
2016-01-07,80.2235336303711
2016-01-08,80.28897094726562
2016-01-11,79.86711120605469
2016-01-12,80.08531188964844
2016-01-13,80.25263214111328
2016-01-14,80.17989349365234
2016-01-15,80.17989349365234
2016-01-19,80.099853515625
2016-01-20,80.14350891113281
2016-01-21,79.8525619506836
2016-01-22,79.96892547607422
2016-01-25,80.1216812133789
2016-01-26,80.3253402709961
2016-01-27,80.52900695800781
2016-01-28,80.69627380371094
2016-01-29,81.02355194091797
2016-02-01,80.87808227539062
2016-02-02,81.1253890991211
2016-02-03,81.22722625732422
2016-02-04,81.24174499511719
2016-02-05,81.01629638671875
2016-02-08,81.07444763183594
2016-02-09,80.89266967773438
2016-02-10,81.19085693359375
2016-02-11,81.47450256347656
2016-02-12,81.16902923583984
2016-02-16,80.8344497680664
2016-02-17,80.69627380371094
2016-02-18,80.92176055908203
2016-02-19,80.9871826171875
2016-02-22,81.18359375
2016-02-23,81.43089294433594
2016-02-24,81.61268615722656
2016-02-25,81.9472885131836
2016-02-26,81.736328125
2016-02-29,82.01273345947266
2016-03-01,81.78726196289062
2016-03-02,81.9617919921875
2016-03-03,82.12905883789062
2016-03-04,81.87451934814453
2016-03-07,81.54727172851562
2016-03-08,81.85999298095703
2016-03-09,81.80909729003906
2016-03-10,81.52540588378906
2016-03-11,81.49633026123047
2016-03-14,81.40180206298828
2016-03-15,81.24174499511719
2016-03-16,82.10728454589844
2016-03-17,82.28911590576172
2016-03-18,82.56552124023438
2016-03-21,82.58734893798828
2016-03-22,82.37638092041016
2016-03-23,82.46365356445312
2016-03-24,82.27455139160156
2016-03-28,82.37638092041016
2016-03-29,83.2419204711914
2016-03-30,83.29281616210938
2016-03-31,83.38013458251953
2016-04-01,83.44556427001953
2016-04-04,83.54735565185547
2016-04-05,83.6346435546875
2016-04-06,83.41645050048828
2016-04-07,83.70738220214844
2016-04-08,83.54010009765625
2016-04-11,83.32918548583984
2016-04-12,82.98007202148438
2016-04-13,83.0528335571289
2016-04-14,82.85643005371094
2016-04-15,83.15463256835938
2016-04-18,83.14009857177734
2016-04-19,83.28553009033203
2016-04-20,82.9364242553711
2016-04-21,82.83458709716797
2016-04-22,82.78368377685547
2016-04-25,82.68910217285156
2016-04-26,82.65274810791016
2016-04-27,83.15463256835938
2016-04-28,83.59101867675781
2016-04-29,83.55463409423828
2016-05-02,83.27825927734375
2016-05-03,83.31461334228516
2016-05-04,83.40917205810547
2016-05-05,83.67829895019531
2016-05-06,83.38736724853516
2016-05-09,83.43827819824219
2016-05-10,83.69281005859375
2016-05-11,83.67829895019531
2016-05-12,83.62010192871094
2016-05-13,83.82376861572266
2016-05-16,83.72920989990234
2016-05-17,83.7873764038086
2016-05-18,83.06009674072266
2016-05-19,83.023681640625
2016-05-20,82.98007202148438
2016-05-23,83.023681640625
2016-05-24,82.94367980957031
2016-05-25,83.00914001464844
2016-05-26,83.24919128417969
2016-05-27,83.14009857177734
2016-05-31,83.01644897460938
2016-06-01,82.88985443115234
2016-06-02,83.17355346679688
2016-06-03,83.71197509765625
2016-06-06,83.80653381347656
2016-06-07,84.03213500976562
2016-06-08,84.2285385131836
2016-06-09,84.25762176513672
2016-06-10,84.25762176513672
2016-06-13,84.14849090576172
2016-06-14,83.93751525878906
2016-06-15,84.33038330078125
2016-06-16,84.16305541992188
2016-06-17,83.95203399658203
2016-06-20,83.71197509765625
2016-06-21,83.45731353759766
2016-06-22,83.68286895751953
2016-06-23,83.71197509765625
2016-06-24,84.23582458496094
2016-06-27,84.48316955566406
2016-06-28,84.77418518066406
2016-06-29,84.72327423095703
2016-06-30,84.88330841064453
2016-07-01,85.5424575805664
2016-07-05,85.6812973022461
2016-07-06,85.88589477539062
2016-07-07,85.7105484008789
2016-07-08,85.90052795410156
2016-07-11,85.48397827148438
2016-07-12,85.19902801513672
2016-07-13,85.38174438476562
2016-07-14,85.16244506835938
2016-07-15,85.0674819946289
2016-07-18,85.00902557373047
2016-07-19,85.01634979248047
2016-07-20,84.86289978027344
2016-07-21,84.89942932128906
2016-07-22,84.8263168334961
2016-07-25,84.64366912841797
2016-07-26,84.7897720336914
2016-07-27,85.11863708496094
2016-07-28,85.2355728149414
2016-07-29,85.42556762695312
2016-08-01,84.92008209228516
2016-08-02,84.50186157226562
2016-08-03,84.7439956665039
2016-08-04,85.09613037109375
2016-08-05,84.89071655273438
2016-08-08,84.94940948486328
2016-08-09,85.1548080444336
2016-08-10,85.17683410644531
2016-08-11,84.94940948486328
2016-08-12,85.16950225830078
2016-08-15,84.94940948486328
2016-08-16,84.83203125
2016-08-17,85.08882904052734
2016-08-18,85.23555755615234
2016-08-19,85.09613037109375
2016-08-22,85.27223205566406
2016-08-23,85.38961029052734
2016-08-24,85.25757598876953
2016-08-25,85.21351623535156
2016-08-26,84.88341522216797
2016-08-29,85.19154357910156
2016-08-30,85.11814880371094
2016-08-31,85.13282775878906
2016-09-01,85.2049789428711
2016-09-02,85.10923767089844
2016-09-06,85.51423645019531
2016-09-07,85.62467193603516
2016-09-08,85.32278442382812
2016-09-09,84.7337417602539
2016-09-12,84.76322174072266
2016-09-13,84.38765716552734
2016-09-14,84.52018737792969
2016-09-15,84.49810791015625
2016-09-16,84.63803100585938
2016-09-19,84.53492736816406
2016-09-20,84.52018737792969
2016-09-21,84.9178237915039
2016-09-22,85.3375244140625
2016-09-23,85.57313537597656
2016-09-26,85.60993957519531
2016-09-27,85.68358612060547
2016-09-28,85.7866439819336
2016-09-29,85.77190399169922
2016-09-30,85.77190399169922
2016-10-03,85.6909408569336
2016-10-04,85.27127075195312
2016-10-05,85.13136291503906
2016-10-06,85.175537109375
2016-10-07,85.1534423828125
2016-10-10,85.03561401367188
2016-10-11,84.96937561035156
2016-10-12,84.93990325927734
2016-10-13,85.07244873046875
2016-10-14,84.99146270751953
2016-10-17,85.37437438964844
2016-10-18,85.4258804321289
2016-10-19,85.54368591308594
2016-10-20,85.41114807128906
2016-10-21,85.5068588256836
2016-10-24,85.37437438964844
2016-10-25,85.5068588256836
2016-10-26,85.41851806640625
2016-10-27,85.05034637451172
2016-10-28,85.14607238769531
2016-10-31,85.30807495117188
2016-11-01,85.3154296875
2016-11-02,85.35226440429688
2016-11-03,85.10923767089844
2016-11-04,85.33014678955078
2016-11-07,85.28600311279297
2016-11-08,85.13871765136719
2016-11-09,84.50548553466797
2016-11-10,84.35819244384766
2016-11-11,84.12260437011719
2016-11-14,83.47467041015625
2016-11-15,83.52618408203125
2016-11-16,83.70293426513672
2016-11-17,83.56303405761719
2016-11-18,83.4378662109375
2016-11-21,83.63664245605469
2016-11-22,83.71031188964844
2016-11-23,83.43047332763672
2016-11-25,83.29060363769531
2016-11-28,83.41574096679688
2016-11-29,83.49677276611328
2016-11-30,83.5409164428711
2016-12-01,83.30036163330078
2016-12-02,83.34465026855469
2016-12-05,83.4626693725586
2016-12-06,83.62505340576172
2016-12-07,83.69884490966797
2016-12-08,83.61769104003906
2016-12-09,83.23397827148438
2016-12-12,83.21920776367188
2016-12-13,83.189697265625
2016-12-14,82.53294372558594
2016-12-15,82.01644897460938
2016-12-16,81.97219848632812
2016-12-19,82.3116455078125
2016-12-20,82.39280700683594
2016-12-21,82.59940338134766
2016-12-22,82.85760498046875
2016-12-23,82.95355224609375
2016-12-27,82.91669464111328
2016-12-28,83.13069152832031
2016-12-29,83.23397827148438
2016-12-30,83.50701141357422
2017-01-03,83.58818817138672
2017-01-04,83.77264404296875
2017-01-05,84.06043243408203
2017-01-06,83.71361541748047
2017-01-09,83.846435546875
2017-01-10,83.91284942626953
2017-01-11,84.1784896850586
2017-01-12,84.25226593017578
2017-01-13,84.10466766357422
2017-01-17,84.37032318115234
2017-01-18,83.95710754394531
2017-01-19,83.89068603515625
2017-01-20,83.90542602539062
2017-01-23,84.24488067626953
2017-01-24,84.10466766357422
2017-01-25,83.8316879272461
2017-01-26,83.95710754394531
2017-01-27,84.09730529785156
2017-01-30,84.07515716552734
2017-01-31,84.25226593017578
2017-02-01,84.07515716552734
2017-02-02,84.08252716064453
2017-02-03,83.99398803710938
2017-02-06,84.20060729980469
2017-02-07,84.16375732421875
2017-02-08,84.3629379272461
2017-02-09,84.20060729980469
2017-02-10,84.2669906616211
2017-02-13,84.13422393798828
2017-02-14,83.93495178222656
2017-02-15,84.045654296875
2017-02-16,84.045654296875
2017-02-17,84.2375259399414
2017-02-21,84.23014068603516
2017-02-22,84.38509368896484
2017-02-23,84.58432006835938
2017-02-24,84.82781219482422
2017-02-27,84.5990982055664
2017-02-28,84.5990982055664
2017-03-01,84.08992767333984
2017-03-02,83.82427215576172
2017-03-03,84.01610565185547
2017-03-06,83.92757415771484
2017-03-07,83.780029296875
2017-03-08,83.4184341430664
2017-03-09,83.19713592529297
2017-03-10,83.35202026367188
2017-03-13,83.16020202636719
2017-03-14,83.10113525390625
2017-03-15,83.85380554199219
2017-03-16,83.79476928710938
2017-03-17,83.97926330566406
2017-03-20,84.10466766357422
2017-03-21,84.16375732421875
2017-03-22,84.30390930175781
2017-03-23,84.20797729492188
2017-03-24,84.45148468017578
2017-03-27,84.61386108398438
2017-03-28,84.33341979980469
2017-03-29,84.55477142333984
2017-03-30,84.34819030761719
2017-03-31,84.5990982055664
2017-04-03,84.8022689819336
2017-04-04,84.70619201660156
2017-04-05,84.86872100830078
2017-04-06,84.82441711425781
2017-04-07,84.49192810058594
2017-04-10,84.53627014160156
2017-04-11,84.6988525390625
2017-04-12,85.01656341552734
2017-04-13,85.14214324951172
2017-04-17,84.94264221191406
2017-04-18,85.12740325927734
2017-04-19,84.97224426269531
2017-04-20,84.8835678100586
2017-04-21,84.7653579711914
2017-04-24,84.74317169189453
2017-04-25,84.60277557373047
2017-04-26,84.78011322021484
2017-04-27,84.85400390625
2017-04-28,84.9795913696289
2017-05-01,84.6937026977539
2017-05-02,84.6937026977539
2017-05-03,84.50850677490234
2017-05-04,84.19002532958984
2017-05-05,84.25665283203125
2017-05-08,83.93075561523438
2017-05-09,83.85667419433594
2017-05-10,83.88629913330078
2017-05-11,84.13813781738281
2017-05-12,84.27146911621094
2017-05-15,84.04920196533203
2017-05-16,84.10853576660156
2017-05-17,84.5973892211914
2017-05-18,84.73072052001953
2017-05-19,84.87884521484375
2017-05-22,84.74552917480469
2017-05-23,84.61964416503906
2017-05-24,84.6714859008789
2017-05-25,84.53810119628906
2017-05-26,84.7381362915039
2017-05-30,84.92330932617188
2017-05-31,84.94552612304688
2017-06-01,84.90689849853516
2017-06-02,85.24842071533203
2017-06-05,85.02569580078125
2017-06-06,85.12223052978516
2017-06-07,84.92176818847656
2017-06-08,84.83268737792969
2017-06-09,84.75843811035156
2017-06-12,84.58027648925781
2017-06-13,84.72130584716797
2017-06-14,84.73616790771484
2017-06-15,84.32042694091797
2017-06-16,84.39466094970703
2017-06-19,84.29818725585938
2017-06-20,84.38723754882812
2017-06-21,84.5208511352539
2017-06-22,84.79556274414062
2017-06-23,84.8624038696289
2017-06-26,84.99602508544922
2017-06-27,84.59510803222656
2017-06-28,84.66191864013672
2017-06-29,84.3278579711914
2017-06-30,84.20906066894531
2017-07-03,84.05426025390625
2017-07-05,84.1807861328125
2017-07-06,83.96490478515625
2017-07-07,83.70445251464844
2017-07-10,83.667236328125
2017-07-11,83.93515014648438
2017-07-12,84.1807861328125
2017-07-13,84.1510009765625
2017-07-14,84.1435546875
2017-07-17,84.31478881835938
2017-07-18,84.55291748046875
2017-07-19,84.61993408203125
2017-07-20,84.41154479980469
2017-07-21,84.53804779052734
2017-07-24,84.53804779052734
2017-07-25,84.21055603027344
2017-07-26,84.45613861083984
2017-07-27,84.39665222167969
2017-07-28,84.5976333618164
2017-07-31,84.5976333618164
2017-08-01,84.66997528076172
2017-08-02,84.62516784667969
2017-08-03,84.85639190673828
2017-08-04,84.73705291748047
2017-08-07,84.83399963378906
2017-08-08,84.89364624023438
2017-08-09,85.05024719238281
2017-08-10,85.26654815673828
2017-08-11,85.2143325805664
2017-08-14,84.87876892089844
2017-08-15,84.62516784667969
2017-08-16,84.77433776855469
2017-08-17,84.98316955566406
2017-08-18,84.99807739257812
2017-08-21,85.02790069580078
2017-08-22,84.92349243164062
2017-08-23,85.1546401977539
2017-08-24,84.93843078613281
2017-08-25,85.080078125
2017-08-28,85.14722442626953
2017-08-29,85.28142547607422
2017-08-30,85.25907135009766
2017-08-31,85.47531127929688
2017-09-01,85.27880859375
2017-09-05,85.83177947998047
2017-09-06,85.72715759277344
2017-09-07,86.08585357666016
2017-09-08,86.10079956054688
2017-09-11,85.77197265625
2017-09-12,85.6300048828125
2017-09-13,85.47308349609375
2017-09-14,85.60759735107422
2017-09-15,85.56275177001953
2017-09-18,85.52540588378906
2017-09-19,85.42825317382812
2017-09-20,85.18909454345703
2017-09-21,84.99481201171875
2017-09-22,85.21153259277344
2017-09-25,85.45063781738281
2017-09-26,85.38343048095703
2017-09-27,85.12186431884766
2017-09-28,85.06208801269531
2017-09-29,84.87527465820312
2017-10-02,84.7616195678711
2017-10-03,84.84385681152344
2017-10-04,84.91861724853516
2017-10-05,84.82893371582031
2017-10-06,84.7616195678711
2017-10-09,84.79154205322266
2017-10-10,84.9410400390625
2017-10-11,85.04573822021484
2017-10-12,85.2026596069336
2017-10-13,85.32231903076172
2017-10-16,85.12793731689453
2017-10-17,84.97093200683594
2017-10-18,84.86630249023438
2017-10-19,84.97844696044922
2017-10-20,84.78401947021484
2017-10-23,84.79154205322266
2017-10-24,84.67190551757812
2017-10-25,84.58219909667969
2017-10-26,84.5447998046875
2017-10-27,84.81397247314453
2017-10-30,85.03821563720703
2017-10-31,85.07560729980469
2017-11-01,85.16399383544922
2017-11-02,85.29131317138672
2017-11-03,85.35124206542969
2017-11-06,85.49356842041016
2017-11-07,85.61345672607422
2017-11-08,85.56099700927734
2017-11-09,85.5459976196289
2017-11-10,85.17150115966797
2017-11-13,85.16399383544922
2017-11-14,85.26886749267578
2017-11-15,85.50851440429688
2017-11-16,85.32876586914062
2017-11-17,85.47859191894531
2017-11-20,85.35124206542969
2017-11-21,85.3437728881836
2017-11-22,85.59843444824219
2017-11-24,85.49356842041016
2017-11-27,85.47859191894531
2017-11-28,85.47111511230469
2017-11-29,85.2388916015625
2017-11-30,85.14904022216797
2017-12-01,85.47327423095703
2017-12-04,85.50337982177734
2017-12-05,85.59365844726562
2017-12-06,85.6839370727539
2017-12-07,85.57106018066406
2017-12-08,85.53347778320312
2017-12-11,85.46575927734375
2017-12-12,85.53347778320312
2017-12-13,85.6839370727539
2017-12-14,85.6839370727539
2017-12-15,85.6839370727539
2017-12-18,85.53347778320312
2017-12-19,85.27764892578125
2017-12-20,84.99178314208984
2017-12-21,85.21479797363281
2017-12-22,85.26753234863281
2017-12-26,85.34284210205078
2017-12-27,85.69693756103516
2017-12-28,85.72708129882812
2017-12-29,85.94554901123047
2018-01-02,85.7345962524414
2018-01-03,85.81748962402344
2018-01-04,85.84008026123047
2018-01-05,85.8250503540039
2018-01-08,85.7345962524414
2018-01-09,85.45589447021484
2018-01-10,85.42574310302734
2018-01-11,85.33531951904297
2018-01-12,85.41819763183594
2018-01-16,85.56134796142578
2018-01-17,85.50105285644531
2018-01-18,85.42574310302734
2018-01-19,85.2825927734375
2018-01-22,85.23739624023438
2018-01-23,85.36544036865234
2018-01-24,85.30517578125
2018-01-25,85.4634017944336
2018-01-26,85.41062927246094
2018-01-29,85.20726776123047
2018-01-30,85.00384521484375
2018-01-31,85.21479797363281
2018-02-01,84.77848815917969
2018-02-02,84.6729965209961
2018-02-05,84.98948669433594
2018-02-06,84.6428451538086
2018-02-07,84.4544906616211
2018-02-08,84.28117370605469
2018-02-09,84.01744079589844
2018-02-12,84.0777359008789
2018-02-13,84.13802337646484
2018-02-14,84.06263732910156
2018-02-15,84.10786437988281
2018-02-16,84.24349975585938
2018-02-20,84.17567443847656
2018-02-21,83.9345703125
2018-02-22,84.00989532470703
2018-02-23,84.31884765625
2018-02-26,84.42433166503906
2018-02-27,84.21336364746094
2018-02-28,84.33391571044922
2018-03-01,84.59014129638672
2018-03-02,84.52230834960938
2018-03-05,84.46951293945312
2018-03-06,84.44695281982422
2018-03-07,84.44695281982422
2018-03-08,84.52985382080078
2018-03-09,84.40172576904297
2018-03-12,84.46200561523438
2018-03-13,84.52985382080078
2018-03-14,84.6729965209961
2018-03-15,84.6805419921875
2018-03-16,84.53739166259766
2018-03-19,84.48461151123047
2018-03-20,84.35650634765625
2018-03-21,84.53739166259766
2018-03-22,84.78602600097656
2018-03-23,84.83125305175781
2018-03-26,84.6805419921875
2018-03-27,85.0045394897461
2018-03-28,85.0045394897461
2018-03-29,85.1854019165039
2018-04-02,85.27000427246094
2018-04-03,85.21710205078125
2018-04-04,85.17178344726562
2018-04-05,84.9300537109375
2018-04-06,85.27000427246094
2018-04-09,85.25492858886719
2018-04-10,85.21710205078125
2018-04-11,85.46642303466797
2018-04-12,85.33041381835938
2018-04-13,85.45134735107422
2018-04-16,85.37577819824219
2018-04-17,85.50420379638672
2018-04-18,85.33041381835938
2018-04-19,85.19445037841797
2018-04-20,84.89981842041016
2018-04-23,84.87716674804688
2018-04-24,84.6429443359375
2018-04-25,84.51453399658203
2018-04-26,84.73362731933594
2018-04-27,85.00560760498047
2018-04-30,85.07357788085938
2018-05-01,84.82999420166016
2018-05-02,84.93621826171875
2018-05-03,85.04246520996094
2018-05-04,85.06526184082031
2018-05-07,85.08040618896484
2018-05-08,84.92864227294922
2018-05-09,84.87554168701172
2018-05-10,85.04246520996094
2018-05-11,85.04246520996094
2018-05-14,84.82999420166016
2018-05-15,84.55683898925781
2018-05-16,84.43539428710938
2018-05-17,84.27606964111328
2018-05-18,84.50367736816406
2018-05-21,84.5340576171875
2018-05-22,84.49612426757812
2018-05-23,84.73896026611328
2018-05-24,84.83759307861328
2018-05-25,84.95902252197266
2018-05-29,85.45984649658203
2018-05-30,85.3005142211914
2018-05-31,85.35359191894531
2018-06-01,85.2287826538086
2018-06-04,85.05371856689453
2018-06-05,85.2439956665039
2018-06-06,85.06133270263672
2018-06-07,85.32012176513672
2018-06-08,85.1755142211914
2018-06-11,85.1755142211914
2018-06-12,85.10700988769531
2018-06-13,85.05371856689453
2018-06-14,85.2744369506836
2018-06-15,85.30487823486328
2018-06-18,85.3733901977539
2018-06-19,85.51039123535156
2018-06-20,85.2744369506836
2018-06-21,85.42667388916016
2018-06-22,85.54843139648438
2018-06-25,85.58647155761719
2018-06-26,85.70826721191406
2018-06-27,85.98987579345703
2018-06-28,85.87571716308594
2018-06-29,85.90614318847656
2018-07-02,85.93749237060547
2018-07-03,86.12084197998047
2018-07-05,86.22020721435547
2018-07-06,86.34244537353516
2018-07-09,86.16671752929688
2018-07-10,86.03679656982422
2018-07-11,86.12849426269531
2018-07-12,86.05973052978516
2018-07-13,86.22783660888672
2018-07-16,85.99860382080078
2018-07-17,85.88402557373047
2018-07-18,85.74652099609375
2018-07-19,85.86873626708984
2018-07-20,85.66243743896484
2018-07-23,85.25750732421875
2018-07-24,85.30335235595703
2018-07-25,85.31864166259766
2018-07-26,85.23458099365234
2018-07-27,85.36448669433594
2018-07-30,85.31864166259766
2018-07-31,85.44850158691406
2018-08-01,85.23985290527344
2018-08-02,85.28584289550781
2018-08-03,85.45465850830078
2018-08-06,85.47001647949219
2018-08-07,85.35494232177734
2018-08-08,85.36256408691406
2018-08-09,85.56204986572266
2018-08-10,85.8382797241211
2018-08-13,85.82292175292969
2018-08-14,85.71552276611328
2018-08-15,85.88429260253906
2018-08-16,85.83059692382812
2018-08-17,85.86895751953125
2018-08-20,86.03775787353516
2018-08-21,85.98404693603516
2018-08-22,86.16819763183594
2018-08-23,86.23724365234375
2018-08-24,86.32161712646484
2018-08-27,86.19121551513672
2018-08-28,86.02240753173828
2018-08-29,86.02240753173828
2018-08-30,86.09911346435547
2018-08-31,85.9993667602539
2018-09-04,85.88079833984375
2018-09-05,85.79613494873047
2018-09-06,85.87312316894531
2018-09-07,85.62673950195312
2018-09-10,85.64989471435547
2018-09-11,85.47276306152344
2018-09-12,85.5497817993164
2018-09-13,85.42655944824219
2018-09-14,85.2726058959961
2018-09-17,85.28801727294922
2018-09-18,85.11090850830078
2018-09-19,85.01854705810547
2018-09-20,85.134033203125
2018-09-21,85.1417236328125
2018-09-24,85.0570297241211
2018-09-25,85.02625274658203
2018-09-26,85.17251586914062
2018-09-27,85.20333099365234
2018-09-28,85.16481018066406
2018-10-01,84.91130828857422
2018-10-02,85.05001068115234
2018-10-03,84.64159393310547
2018-10-04,84.43350219726562
2018-10-05,84.20236206054688
2018-10-08,84.1638412475586
2018-10-09,84.4026870727539
2018-10-10,84.3179702758789
2018-10-11,84.45665740966797
2018-10-12,84.32566833496094
2018-10-15,84.37959289550781
2018-10-16,84.38727569580078
2018-10-17,84.18697357177734
2018-10-18,84.12532043457031
2018-10-19,84.0482177734375
2018-10-22,84.00199890136719
2018-10-23,84.02510070800781
2018-10-24,84.3025894165039
2018-10-25,83.94808197021484
2018-10-26,84.37187957763672
2018-10-29,84.287109375
2018-10-30,84.06365966796875
2018-10-31,83.87103271484375
2018-11-01,83.7638168334961
2018-11-02,83.50930786132812
2018-11-05,83.66355895996094
2018-11-06,83.63270568847656
2018-11-07,83.69439697265625
2018-11-08,83.57869720458984
2018-11-09,83.77925872802734
2018-11-12,83.95665740966797
2018-11-13,83.88717651367188
2018-11-14,83.8948974609375
2018-11-15,83.96435546875
2018-11-16,84.31139373779297
2018-11-19,84.27284240722656
2018-11-20,84.1494369506836
2018-11-21,84.11085510253906
2018-11-23,83.97974395751953
2018-11-26,83.88717651367188
2018-11-27,83.66355895996094
2018-11-28,83.7638168334961
2018-11-29,84.25736236572266
2018-11-30,84.27284240722656
2018-12-03,84.4311752319336
2018-12-04,84.68599700927734
2018-12-06,84.69375610351562
2018-12-07,84.81732177734375
2018-12-10,84.60881805419922
2018-12-11,84.26895141601562
2018-12-12,84.14539337158203
2018-12-13,84.16085052490234
2018-12-14,84.22264862060547
2018-12-17,84.3693618774414
2018-12-18,84.58905792236328
2018-12-19,84.73604583740234
2018-12-20,84.49626922607422
2018-12-21,84.45757293701172
2018-12-24,84.58132934570312
2018-12-26,84.41112518310547
2018-12-27,84.41112518310547
2018-12-28,84.65869903564453
2018-12-31,84.72057342529297
2019-01-02,84.85211944580078
2019-01-03,85.34721374511719
2019-01-04,85.1692886352539
2019-01-07,85.1151351928711
2019-01-08,85.18478393554688
2019-01-09,85.28536224365234
2019-01-10,85.08422088623047
2019-01-11,85.30854797363281
2019-01-14,85.15381622314453
2019-01-15,85.07649230957031
2019-01-16,85.0687255859375
2019-01-17,84.99913024902344
2019-01-18,84.89852905273438
2019-01-22,84.95266723632812
2019-01-23,84.85211944580078
2019-01-24,84.9836196899414
2019-01-25,84.85211944580078
2019-01-28,84.73604583740234
2019-01-29,84.9836196899414
2019-01-30,85.44780731201172
2019-01-31,85.92747497558594
2019-02-01,85.62574005126953
2019-02-04,85.45555877685547
2019-02-05,85.57159423828125
2019-02-06,85.5174331665039
2019-02-07,85.64891815185547
2019-02-08,85.68765258789062
2019-02-11,85.50968170166016
2019-02-12,85.5251693725586
2019-02-13,85.50968170166016
2019-02-14,85.74951171875
2019-02-15,85.74951171875
2019-02-19,85.95069122314453
2019-02-20,85.98163604736328
2019-02-21,85.83463287353516
2019-02-22,86.05899047851562
2019-02-25,85.99708557128906
2019-02-26,86.120849609375
2019-02-27,85.91971588134766
2019-02-28,85.78046417236328
2019-03-01,85.61024475097656
2019-03-04,85.73406219482422
2019-03-05,85.7031021118164
2019-03-06,85.80365753173828
2019-03-07,86.04348754882812
2019-03-08,86.120849609375
2019-03-11,86.10538482666016
2019-03-12,86.26785278320312
2019-03-13,86.3684310913086
2019-03-14,86.3452377319336
2019-03-15,86.64695739746094
2019-03-18,86.63919830322266
2019-03-19,86.56184387207031
2019-03-20,87.1343002319336
2019-03-21,87.12659454345703
2019-03-22,87.38964080810547
2019-03-25,87.36641693115234
2019-03-26,87.2116928100586
2019-03-27,87.2503433227539
2019-03-28,87.32003021240234
2019-03-29,87.47471618652344
2019-04-01,87.14983367919922
2019-04-02,87.23490905761719
2019-04-03,86.96416473388672
2019-04-04,87.02601623535156
2019-04-05,87.12659454345703
2019-04-08,87.04148864746094
2019-04-09,87.12659454345703
2019-04-10,87.44377899169922
2019-04-11,87.24263763427734
2019-04-12,87.0801773071289
2019-04-15,87.12659454345703
2019-04-16,86.92547607421875
2019-04-17,86.90998077392578
2019-04-18,87.15757751464844
2019-04-22,87.07242584228516
2019-04-23,87.2735595703125
2019-04-24,87.57530975341797
2019-04-25,87.57530975341797
2019-04-26,87.76873016357422
2019-04-29,87.52113342285156
2019-04-30,87.66816711425781
2019-05-01,87.4785385131836
2019-05-02,87.12255859375
2019-05-03,87.36244201660156
2019-05-06,87.49402618408203
2019-05-07,87.54045867919922
2019-05-08,87.3160171508789
2019-05-09,87.46308135986328
2019-05-10,87.65652465820312
2019-05-13,87.8422622680664
2019-05-14,87.90415954589844
2019-05-15,88.0821533203125
2019-05-16,87.94285583496094
2019-05-17,87.85774230957031
2019-05-20,87.74165344238281
2019-05-21,87.78810119628906
2019-05-22,87.81903076171875
2019-05-23,88.00475311279297
2019-05-24,88.1518325805664
2019-05-28,88.1982421875
2019-05-29,88.3530044555664
2019-05-30,88.64708709716797
2019-05-31,89.20426177978516
2019-06-03,89.44476318359375
2019-06-04,89.26576232910156
2019-06-05,89.32022094726562
2019-06-06,89.26576232910156
2019-06-07,89.59256744384766
2019-06-10,89.11013793945312
2019-06-11,88.9933853149414
2019-06-12,89.04008483886719
2019-06-13,89.07122802734375
2019-06-14,88.9311294555664
2019-06-17,88.75994110107422
2019-06-18,89.12568664550781
2019-06-19,89.63931274414062
2019-06-20,90.14509582519531
2019-06-21,89.7404556274414
2019-06-24,89.9116439819336
2019-06-25,89.7559814453125
2019-06-26,89.67041778564453
2019-06-27,89.84159851074219
2019-06-28,89.87273406982422
2019-07-01,89.68655395507812
2019-07-02,89.73348999023438
2019-07-03,89.96818542480469
2019-07-05,89.69435119628906
2019-07-08,89.71003723144531
2019-07-09,89.80390167236328
2019-07-10,89.96031951904297
2019-07-11,89.6787109375
2019-07-12,89.8351821899414
2019-07-15,90.06208038330078
2019-07-16,89.91342163085938
2019-07-17,90.10115814208984
2019-07-18,90.2889175415039
2019-07-19,90.14814758300781
2019-07-22,90.17157745361328
2019-07-23,90.14814758300781
2019-07-24,90.17157745361328
2019-07-25,90.02294158935547
2019-07-26,89.96031951904297
2019-07-29,89.8821029663086
2019-07-30,90.01513671875
2019-07-31,90.15595245361328
2019-08-01,90.48529815673828
2019-08-02,90.54804992675781
2019-08-05,90.86170196533203
2019-08-06,91.19888305664062
2019-08-07,91.24588775634766
2019-08-08,91.48117065429688
2019-08-09,91.38706970214844
2019-08-12,91.75564575195312
2019-08-13,91.60665893554688
2019-08-14,91.7791976928711
2019-08-15,92.18695831298828
2019-08-16,91.92029571533203
2019-08-19,91.57528686523438
2019-08-20,91.69291687011719
2019-08-21,91.59879302978516
2019-08-22,91.52039337158203
2019-08-23,92.04579162597656
2019-08-26,91.94384002685547
2019-08-27,92.37515258789062
2019-08-28,92.5555191040039
2019-08-29,92.6103744506836
2019-08-30,92.25751495361328
2019-09-03,92.14692687988281
2019-09-04,92.37443542480469
2019-09-05,91.9585952758789
2019-09-06,92.03706359863281
2019-09-09,91.56631469726562
2019-09-10,91.04068756103516
2019-09-11,90.93865203857422
2019-09-12,90.8680648803711
2019-09-13,90.33456420898438
2019-09-16,90.87592315673828
2019-09-17,90.99358367919922
2019-09-18,90.71115112304688
2019-09-19,90.89158630371094
2019-09-20,91.39373016357422
2019-09-23,91.51923370361328
2019-09-24,91.72322082519531
2019-09-25,91.24466705322266
2019-09-26,91.29955291748047
2019-09-27,91.15835571289062
2019-09-30,91.23676300048828
2019-10-01,91.41439819335938
2019-10-02,91.41439819335938
2019-10-03,91.7052001953125
2019-10-04,91.98810577392578
2019-10-07,91.73661804199219
2019-10-08,91.65017700195312
2019-10-09,91.4615707397461
2019-10-10,91.1707763671875
2019-10-11,90.88787841796875
2019-10-14,91.03720092773438
2019-10-15,90.73069763183594
2019-10-16,90.87213897705078
2019-10-17,90.99785614013672
2019-10-18,91.13936614990234
2019-10-21,90.84857940673828
2019-10-22,91.12361907958984
2019-10-23,91.18647766113281
2019-10-24,91.24151611328125
2019-10-25,91.25723266601562
2019-10-28,90.81710052490234
2019-10-29,90.58921813964844
2019-10-30,90.9271469116211
2019-10-31,91.2100830078125
2019-11-01,91.34371185302734
2019-11-04,91.28080749511719
2019-11-05,91.10790252685547
2019-11-06,91.39873504638672
2019-11-07,90.88780975341797
2019-11-08,90.832763671875
2019-11-11,90.87993621826172
2019-11-12,90.86421966552734
2019-11-13,90.94281005859375
2019-11-14,91.15508270263672
2019-11-15,91.0450210571289
2019-11-18,91.22579956054688
2019-11-19,91.390869140625
2019-11-20,91.74459838867188
2019-11-21,91.54021453857422
2019-11-22,91.5716552734375
2019-11-25,91.67383575439453
2019-11-26,91.87031555175781
2019-11-27,91.68955993652344
2019-11-29,91.4773178100586
2019-12-02,91.34676361083984
2019-12-03,91.91320037841797
2019-12-04,91.8502197265625
2019-12-05,91.71652221679688
2019-12-06,91.65354919433594
2019-12-09,91.67713928222656
2019-12-10,91.65354919433594
2019-12-11,91.97611236572266
2019-12-12,91.52765655517578
2019-12-13,91.89744567871094
2019-12-16,91.68501281738281
2019-12-17,91.81089782714844
2019-12-18,91.70864868164062
2019-12-19,91.85746002197266
2019-12-20,91.81021118164062
2019-12-23,91.65271759033203
2019-12-24,91.76296997070312
2019-12-26,91.82594299316406
2019-12-27,91.85746002197266
2019-12-30,91.88896942138672
2019-12-31,91.79446411132812
2020-01-02,92.24332427978516
2020-01-03,92.6685562133789
2020-01-06,92.43228912353516
2020-01-07,92.1488037109375
2020-01-08,92.06221771240234
2020-01-09,92.05433654785156
2020-01-10,92.32994842529297
2020-01-13,92.31420135498047
2020-01-14,92.44015502929688
2020-01-15,92.51106262207031
2020-01-16,92.36141204833984
2020-01-17,92.21182250976562
2020-01-21,92.51106262207031
2020-01-22,92.44808197021484
2020-01-23,92.63704681396484
2020-01-24,92.84180450439453
2020-01-27,93.05439758300781
2020-01-28,92.91267395019531
2020-01-29,93.25129699707031
2020-01-30,93.35363006591797
2020-01-31,93.7552490234375
2020-02-03,93.53215789794922
2020-02-04,93.13013458251953
2020-02-05,92.85420227050781
2020-02-06,93.02763366699219
2020-02-07,93.40601348876953
2020-02-10,93.54794311523438
2020-02-11,93.27202606201172
2020-02-12,93.17740631103516
2020-02-13,93.37450408935547
2020-02-14,93.4454345703125
2020-02-18,93.650390625
2020-02-19,93.61097717285156
2020-02-20,93.79226684570312
2020-02-21,93.96571350097656
2020-02-24,94.3992919921875
2020-02-25,94.24162292480469
2020-02-26,94.19432067871094
2020-02-27,94.47022247314453
2020-02-28,94.62003326416016
2020-03-02,94.84074401855469
2020-03-03,95.80248260498047
2020-03-04,95.66057586669922
2020-03-05,95.96013641357422
2020-03-06,96.59867095947266
2020-03-09,94.61215209960938
2020-03-10,91.90040588378906
2020-03-11,89.81925964355469
2020-03-12,89.60641479492188
2020-03-13,89.96115112304688
2020-03-16,89.33837890625
2020-03-17,86.8394546508789
2020-03-18,85.77525329589844
2020-03-19,87.43856811523438
2020-03-20,91.33277893066406
2020-03-23,93.05130004882812
2020-03-24,93.10648345947266
2020-03-25,94.00513458251953
2020-03-26,94.48597717285156
2020-03-27,94.79344940185547
2020-03-30,93.28778076171875
2020-03-31,92.9566879272461
2020-04-01,93.52197265625
2020-04-02,94.95091247558594
2020-04-03,95.78775024414062
2020-04-06,95.72463989257812
2020-04-07,95.66144561767578
2020-04-08,95.00617218017578
2020-04-09,95.94566345214844
2020-04-13,96.11934661865234
2020-04-14,96.40357208251953
2020-04-15,96.50618743896484
2020-04-16,95.66936492919922
2020-04-17,95.21147918701172
2020-04-20,94.91932678222656
2020-04-21,95.40090942382812
2020-04-22,95.97724151611328
2020-04-23,95.9219970703125
2020-04-24,96.46673583984375
2020-04-27,96.27725982666016
2020-04-28,96.60881805419922
2020-04-29,96.49041748046875
2020-04-30,95.77197265625
2020-05-01,95.77039337158203
2020-05-04,95.86534118652344
2020-05-05,95.97616577148438
2020-05-06,95.50923919677734
2020-05-07,96.11072540283203
2020-05-08,96.07907104492188
2020-05-11,95.74666595458984
2020-05-12,95.83373260498047
2020-05-13,95.9207763671875
2020-05-14,96.03157043457031
2020-05-15,96.19778442382812
2020-05-18,96.18988800048828
2020-05-19,96.07907104492188
2020-05-20,96.36397552490234
2020-05-21,96.26107788085938
2020-05-22,96.31647491455078
2020-05-26,95.96036529541016
2020-05-27,96.05530548095703
2020-05-28,96.35603332519531
2020-05-29,96.3956069946289
2020-06-01,96.51436614990234
2020-06-02,96.30066680908203
2020-06-03,95.98410034179688
2020-06-04,95.62004852294922
2020-06-05,95.6121597290039
2020-06-08,95.81788635253906
2020-06-09,95.91287994384766
2020-06-10,96.64888763427734
2020-06-11,96.68055725097656
2020-06-12,96.41937255859375
2020-06-15,96.45894622802734
2020-06-16,96.41145324707031
2020-06-17,96.34811401367188
2020-06-18,96.78341674804688
2020-06-19,96.9733657836914
2020-06-22,97.21868896484375
2020-06-23,97.27410888671875
2020-06-24,97.13956451416016
2020-06-25,97.22660064697266
2020-06-26,97.39281463623047
2020-06-29,97.50361633300781
2020-06-30,97.34532928466797
2020-07-01,97.40863800048828
2020-07-02,97.677734375
2020-07-06,97.86769104003906
2020-07-07,97.89142608642578
2020-07-08,97.71730041503906
2020-07-09,97.97057342529297
2020-07-10,97.86769104003906
2020-07-13,98.08135223388672
2020-07-14,98.09721374511719
2020-07-15,98.04183959960938
2020-07-16,98.23966217041016
2020-07-17,98.42167663574219
2020-07-20,98.55623626708984
2020-07-21,98.77782440185547
2020-07-22,98.77782440185547
2020-07-23,98.82528686523438
2020-07-24,98.80155944824219
2020-07-27,98.80155944824219
2020-07-28,98.9836196899414
2020-07-29,99.21308898925781
2020-07-30,99.31597137451172
2020-07-31,99.60881805419922
2020-08-03,99.74336242675781
2020-08-04,99.96493530273438
2020-08-05,100.01244354248047
2020-08-06,100.12322235107422
2020-08-07,99.85414123535156
2020-08-10,99.73544311523438
2020-08-11,99.5138931274414
2020-08-12,99.57716369628906
2020-08-13,99.32388305664062
2020-08-14,99.15769958496094
2020-08-17,99.37137603759766
2020-08-18,99.8145980834961
2020-08-19,99.5138931274414
2020-08-20,99.41887664794922
2020-08-21,99.75920104980469
2020-08-24,99.95703125
2020-08-25,99.9253921508789
2020-08-26,100.12322235107422
2020-08-27,99.7275161743164
2020-08-28,100.04409790039062
2020-08-31,100.49520874023438
2020-09-01,100.55065155029297
2020-09-02,100.5901870727539
2020-09-03,100.2419662475586
2020-09-04,99.93327331542969
2020-09-08,100.02828216552734
2020-09-09,100.08366394042969
2020-09-10,100.17073822021484
2020-09-11,100.11531829833984
2020-09-14,100.0520248413086
2020-09-15,100.12322235107422
2020-09-16,100.12322235107422
2020-09-17,100.17864990234375
2020-09-18,100.09156799316406
2020-09-21,99.90953826904297
2020-09-22,99.94120788574219
2020-09-23,99.83832550048828
2020-09-24,99.90953826904297
2020-09-25,100.04409790039062
2020-09-28,100.24988555908203
2020-09-29,100.41606140136719
2020-09-30,100.11531829833984
2020-10-01,100.09708404541016
2020-10-02,100.11294555664062
2020-10-05,99.81124114990234
2020-10-06,99.82711029052734
2020-10-07,99.81916809082031
2020-10-08,100.21615600585938
2020-10-09,100.24791717529297
2020-10-12,100.31143951416016
2020-10-13,100.31143951416016
2020-10-14,100.31143951416016
2020-10-15,100.27969360351562
2020-10-16,100.31939697265625
2020-10-19,100.08116912841797
2020-10-20,99.99384307861328
2020-10-21,99.96208190917969
2020-10-22,99.81124114990234
2020-10-23,99.9303207397461
2020-10-26,100.00973510742188
2020-10-27,100.20820617675781
2020-10-28,100.08116912841797
2020-10-29,99.73975372314453
2020-10-30,99.4380111694336
2020-11-02,99.8025894165039
2020-11-03,99.7229995727539
2020-11-04,99.89016723632812
2020-11-05,99.96979522705078
2020-11-06,99.51603698730469
2020-11-09,99.22941589355469
2020-11-10,99.32498168945312
2020-11-11,99.5000991821289
2020-11-12,99.77870178222656
2020-11-13,99.770751953125
2020-11-16,99.63541412353516
2020-11-17,99.8025894165039
2020-11-18,99.83445739746094
2020-11-19,99.93794250488281
2020-11-20,100.16084289550781
2020-11-23,100.08123779296875
2020-11-24,100.11305236816406
2020-11-25,100.28026580810547
2020-11-27,100.52701568603516
2020-11-30,100.63848114013672
2020-12-01,100.40977478027344
2020-12-02,100.48148345947266
2020-12-03,100.76040649414062
2020-12-04,100.54522705078125
2020-12-07,100.8082046508789
2020-12-08,100.9755859375
2020-12-09,100.84806060791016
2020-12-10,101.07915496826172
2020-12-11,101.07119750976562
2020-12-14,101.07119750976562
2020-12-15,101.2544937133789
2020-12-16,101.24653625488281
2020-12-17,101.3046875
2020-12-18,101.2568588256836
2020-12-21,101.24093627929688
2020-12-22,101.33655548095703
2020-12-23,101.38439178466797
2020-12-24,101.4242172241211
2020-12-28,101.49596405029297
2020-12-29,101.44815826416016
2020-12-30,101.52787780761719
2020-12-31,101.7430648803711
2021-01-04,101.85466003417969
2021-01-05,101.82280731201172
2021-01-06,101.51991271972656
2021-01-07,101.45614624023438
2021-01-08,101.05762481689453
2021-01-11,100.8424072265625
2021-01-12,100.97789764404297
2021-01-13,101.20111083984375
2021-01-14,101.2488784790039
2021-01-15,101.36048889160156
2021-01-19,101.599609375
2021-01-20,101.75103759765625
2021-01-21,101.99813079833984
2021-01-22,101.8387451171875
2021-01-25,102.10179138183594
2021-01-26,101.95030975341797
2021-01-27,101.91842651367188
2021-01-28,102.11769104003906
2021-01-29,102.01409149169922
2021-02-01,101.7908935546875
2021-02-02,101.94232940673828
2021-02-03,101.88653564453125
2021-02-04,101.81480407714844
2021-02-05,101.7908935546875
2021-02-08,101.88653564453125
2021-02-09,101.94232940673828
2021-02-10,102.0300064086914
2021-02-11,101.91046142578125
2021-02-12,101.7430648803711
2021-02-16,101.2488784790039
2021-02-17,101.20906066894531
2021-02-18,100.78660583496094
2021-02-19,100.35619354248047
2021-02-22,100.34823608398438
2021-02-23,100.37213134765625
2021-02-24,100.29246520996094
2021-02-25,99.0649642944336
2021-02-26,100.29246520996094
2021-03-01,99.95768737792969
2021-03-02,100.36419677734375
2021-03-03,100.109130859375
2021-03-04,99.7265625
2021-03-05,99.8301773071289
2021-03-08,99.28019714355469
2021-03-09,99.90186309814453
2021-03-10,100.35619354248047
2021-03-11,100.44387817382812
2021-03-12,99.6548080444336
2021-03-15,99.94970703125
2021-03-16,100.1569595336914
2021-03-17,100.06926727294922
2021-03-18,99.3598861694336
2021-03-19,99.55120086669922
2021-03-22,100.02940368652344
2021-03-23,100.23665618896484
2021-03-24,100.49967193603516
2021-03-25,100.42794799804688
2021-03-26,100.45185852050781
2021-03-29,100.18087005615234
2021-03-30,100.00553131103516
2021-03-31,100.02940368652344
2021-04-01,100.3170394897461
2021-04-05,100.0293960571289
2021-04-06,100.08534240722656
2021-04-07,100.1492691040039
2021-04-08,100.37297821044922
2021-04-09,100.15726470947266
2021-04-12,100.17323303222656
2021-04-13,100.54073333740234
2021-04-14,100.54073333740234
2021-04-15,101.08404541015625
2021-04-16,101.05209350585938
2021-04-19,100.87632751464844
2021-04-20,100.94022369384766
2021-04-21,101.03610229492188
2021-04-22,101.15596008300781
2021-04-23,101.20389556884766
2021-04-26,101.25981903076172
2021-04-27,101.25181579589844
2021-04-28,101.5713882446289
2021-04-29,101.52345275878906
2021-04-30,101.4595718383789
2021-05-03,101.7122573852539
2021-05-04,101.94489288330078
2021-05-05,102.40213775634766
2021-05-06,102.28182220458984
2021-05-07,102.4984359741211
2021-05-10,102.54655456542969
2021-05-11,102.2737808227539
2021-05-12,102.09729766845703
2021-05-13,102.1213607788086
2021-05-14,102.48237609863281
2021-05-17,102.68292236328125
2021-05-18,102.5304946899414
2021-05-19,101.83257293701172
2021-05-20,101.9529037475586
2021-05-21,102.13743591308594
2021-05-24,102.38612365722656
2021-05-25,102.67489624023438
2021-05-26,102.44224548339844
2021-05-27,102.4342269897461
2021-05-28,102.4984359741211
2021-06-01,102.79764556884766
2021-06-02,102.6685791015625
2021-06-03,102.32179260253906
2021-06-04,102.81375122070312
2021-06-07,102.58793640136719
2021-06-08,102.69277954101562
2021-06-09,102.70084381103516
2021-06-10,103.23314666748047
2021-06-11,102.96700286865234
2021-06-14,102.91053771972656
2021-06-15,103.07989501953125
2021-06-16,102.14434814453125
2021-06-17,102.53147888183594
2021-06-18,102.5718002319336
2021-06-21,102.39434814453125
2021-06-22,102.95894622802734
2021-06-23,102.98312377929688
2021-06-24,102.78955841064453
2021-06-25,102.8944320678711
2021-06-28,103.04766845703125
2021-06-29,103.10408782958984
2021-06-30,103.24120330810547
2021-07-01,103.34104919433594
2021-07-02,103.7794189453125
2021-07-06,104.04730987548828
2021-07-07,103.97425079345703
2021-07-08,103.83624267578125
2021-07-09,103.85250854492188
2021-07-12,104.12848663330078
2021-07-13,104.12848663330078
2021-07-14,104.40451049804688
2021-07-15,104.7210922241211
2021-07-16,104.7210922241211
2021-07-19,104.76168060302734
2021-07-20,104.7454605102539
2021-07-21,104.47758483886719
2021-07-22,104.7697982788086
2021-07-23,105.24065399169922
2021-07-26,105.69524383544922
2021-07-27,105.6708755493164
2021-07-28,106.0280990600586
2021-07-29,105.84136962890625
2021-07-30,106.00373077392578
2021-08-02,106.04215240478516
2021-08-03,106.14012908935547
2021-08-04,105.93596649169922
2021-08-05,105.56029510498047
2021-08-06,105.32349395751953
2021-08-09,105.1356430053711
2021-08-10,105.23362731933594
2021-08-11,105.40513610839844
2021-08-12,105.32349395751953
2021-08-13,105.59297180175781
2021-08-16,105.69910430908203
2021-08-17,105.41331481933594
2021-08-18,105.42963409423828
2021-08-19,105.47049713134766
2021-08-20,105.14383697509766
2021-08-23,105.38878631591797
2021-08-24,105.38878631591797
2021-08-25,105.34795379638672
2021-08-26,105.3642807006836
2021-08-27,106.1564712524414
2021-08-30,106.14012908935547
2021-08-31,105.82981872558594
2021-09-01,105.87586212158203
2021-09-02,105.9169921875
2021-09-03,105.76893615722656
2021-09-07,105.50577545166016
2021-09-08,105.93341064453125
2021-09-09,106.49259185791016
2021-09-10,106.19656372070312
2021-09-13,106.19656372070312
2021-09-14,106.25413513183594
2021-09-15,106.31168365478516
2021-09-16,106.13899993896484
2021-09-17,105.83472442626953
2021-09-20,105.93341064453125
2021-09-21,105.85939025878906
2021-09-22,105.75251770019531
2021-09-23,105.37421417236328
2021-09-24,105.11106872558594
2021-09-27,105.16040802001953
2021-09-28,104.9301528930664
2021-09-29,104.98773956298828
2021-09-30,105.00416564941406
2021-10-01,105.45963287353516
2021-10-04,105.45137786865234
2021-10-05,105.55868530273438
2021-10-06,105.50092315673828
2021-10-07,105.4101333618164
2021-10-08,105.43488311767578
2021-10-11,105.3688735961914
2021-10-12,105.56690979003906
2021-10-13,106.04548645019531
2021-10-14,106.25175476074219
2021-10-15,106.07847595214844
2021-10-18,105.85570526123047
2021-10-19,105.59990692138672
2021-10-20,105.78968811035156
2021-10-21,106.02896881103516
2021-10-22,106.2435073852539
2021-10-25,106.49931335449219
2021-10-26,106.87060546875
2021-10-27,107.3739242553711
2021-10-28,106.4415512084961
2021-10-29,106.16925048828125
2021-11-01,105.74969482421875
2021-11-02,106.1708984375
2021-11-03,106.0222396850586
2021-11-04,106.72425842285156
2021-11-05,107.09593200683594
2021-11-08,107.45106506347656
2021-11-09,108.07878112792969
2021-11-10,107.7484130859375
2021-11-11,107.73186492919922
2021-11-12,107.71533966064453
2021-11-15,107.73186492919922
2021-11-16,107.57492065429688
2021-11-17,107.78966522216797
2021-11-18,107.85578155517578
2021-11-19,107.65756225585938
2021-11-22,106.79035186767578
2021-11-23,106.3774185180664
2021-11-24,106.70773315429688
2021-11-26,107.23635864257812
2021-11-29,106.9885482788086
2021-11-30,107.0876693725586
2021-12-01,106.7535171508789
2021-12-02,107.06783294677734
2021-12-03,107.29114532470703
2021-12-06,106.80314636230469
2021-12-07,106.9768295288086
2021-12-08,106.79486083984375
2021-12-09,106.35649871826172
2021-12-10,106.34823608398438
2021-12-13,106.4557876586914
2021-12-14,106.1166763305664
2021-12-15,106.20763397216797
2021-12-16,106.42899322509766
2021-12-17,106.43733215332031
2021-12-20,106.37907409667969
2021-12-21,106.61207580566406
2021-12-22,106.95329284667969
2021-12-23,106.71194458007812
2021-12-27,107.06977081298828
2021-12-28,107.00321960449219
2021-12-29,107.09477233886719
2021-12-30,107.65231323242188
2021-12-31,107.5191650390625
2022-01-03,106.90336608886719
2022-01-04,106.49559020996094
2022-01-05,105.63011932373047
2022-01-06,105.1723861694336
2022-01-07,105.04756927490234
2022-01-10,105.18073272705078
2022-01-11,105.91307830810547
2022-01-12,105.23066711425781
2022-01-13,105.25560760498047
2022-01-14,104.78126525878906
2022-01-18,104.28193664550781
2022-01-19,104.06558227539062
2022-01-20,104.19039154052734
2022-01-21,104.83952331542969
2022-01-24,105.08084106445312
2022-01-25,104.89775848388672
2022-01-26,104.23201751708984
2022-01-27,104.65642547607422
2022-01-28,105.0226058959961
2022-01-31,105.30554962158203
2022-02-01,104.61993408203125
2022-02-02,104.7368392944336
2022-02-03,104.07711029052734
2022-02-04,103.47587585449219
2022-02-07,103.43412017822266
2022-02-08,103.30049133300781
2022-02-09,103.50092315673828
2022-02-10,102.67420196533203
2022-02-11,103.59278869628906
2022-02-14,103.31718444824219
2022-02-15,102.89129638671875
2022-02-16,103.09171295166016
2022-02-17,103.32553100585938
2022-02-18,103.66793823242188
2022-02-22,103.98526000976562
2022-02-23,104.06044006347656
2022-02-24,104.48632049560547
2022-02-25,104.39447021484375
2022-02-28,106.20658111572266
2022-03-01,106.96705627441406
2022-03-02,106.27268981933594
2022-03-03,106.14717864990234
2022-03-04,106.95870208740234
2022-03-07,107.53595733642578
2022-03-08,108.0546646118164
2022-03-09,106.98379516601562
2022-03-10,106.74957275390625
2022-03-11,107.50247192382812
2022-03-14,106.31449890136719
2022-03-15,105.5197525024414
2022-03-16,104.90904998779297
2022-03-17,106.33959197998047
2022-03-18,106.01336669921875
2022-03-21,105.07637023925781
2022-03-22,104.59113311767578
2022-03-23,105.90457153320312
2022-03-24,105.25204467773438
2022-03-25,104.53256225585938
2022-03-28,104.41545867919922
2022-03-29,104.0389633178711
2022-03-30,104.5492935180664
2022-03-31,104.21468353271484
2022-04-01,103.6404037475586
2022-04-04,103.56465911865234
2022-04-05,102.81526184082031
2022-04-06,102.36061096191406
2022-04-07,102.22590637207031
2022-04-08,102.41114044189453
2022-04-11,102.23429107666016
2022-04-12,102.22590637207031
2022-04-13,102.03224182128906
2022-04-14,102.02381134033203
2022-04-18,101.99011993408203
2022-04-19,101.48493957519531
2022-04-20,102.23429107666016
2022-04-21,102.63846588134766
2022-04-22,102.23429107666016
2022-04-25,102.15853881835938
2022-04-26,102.37744903564453
2022-04-27,102.20905303955078
2022-04-28,102.79003143310547
2022-04-29,101.93963623046875
2022-05-02,100.46138763427734
2022-05-03,100.82630920410156
2022-05-04,101.61547088623047
2022-05-05,100.54627227783203
2022-05-06,100.28323364257812
2022-05-09,99.89289855957031
2022-05-10,99.44316101074219
2022-05-11,100.64808654785156
2022-05-12,100.21532440185547
2022-05-13,100.73297882080078
2022-05-16,100.76690673828125
2022-05-17,100.25775909423828
2022-05-18,100.95358276367188
2022-05-19,100.59719848632812
2022-05-20,100.63960266113281
2022-05-23,100.28323364257812
2022-05-24,100.82630920410156
2022-05-25,100.91116333007812
2022-05-26,101.32695007324219
2022-05-27,101.64940643310547
2022-05-31,100.92813873291016
2022-06-01,100.51350402832031
2022-06-02,100.97706604003906
2022-06-03,101.560791015625
2022-06-06,100.89981079101562
2022-06-07,101.1401596069336
2022-06-08,100.89122772216797
2022-06-09,100.87403869628906
2022-06-10,100.42766571044922
2022-06-13,98.73655700683594
2022-06-14,97.3802490234375
2022-06-15,98.72798919677734
2022-06-16,98.43612670898438
2022-06-17,98.48759460449219
2022-06-21,98.14424133300781
2022-06-22,98.7108154296875
2022-06-23,99.00267028808594
2022-06-24,99.09711456298828
2022-06-27,98.38462829589844
2022-06-28,98.04122924804688
2022-06-29,97.86955261230469
2022-06-30,97.78369903564453
2022-07-01,99.358154296875
2022-07-05,99.08206176757812
2022-07-06,98.1848373413086
2022-07-07,98.0295639038086
2022-07-08,97.92607116699219
2022-07-11,98.08134460449219
2022-07-12,98.04683685302734
2022-07-13,98.5558090209961
2022-07-14,98.31427764892578
2022-07-15,98.88367462158203
2022-07-18,98.75424194335938
2022-07-19,98.65072631835938
2022-07-20,98.56444549560547
2022-07-21,99.17699432373047
2022-07-22,100.0138168334961
2022-07-25,99.82400512695312
2022-07-26,99.82400512695312
2022-07-27,100.46241760253906
2022-07-28,101.4890365600586
2022-07-29,101.99803161621094
2022-08-01,102.04508972167969
2022-08-02,100.84278106689453
2022-08-03,101.3742446899414
2022-08-04,101.3568344116211
2022-08-05,100.33751678466797
2022-08-08,101.02576446533203
2022-08-09,100.73824310302734
2022-08-10,100.56401062011719
2022-08-11,100.22422790527344
2022-08-12,100.61628723144531
2022-08-15,100.51175689697266
2022-08-16,100.53789520263672
2022-08-17,100.23297119140625
2022-08-18,100.74696350097656
2022-08-19,100.57275390625
2022-08-22,100.38106536865234
2022-08-23,100.5466079711914
2022-08-24,100.52915954589844
2022-08-25,100.84278106689453
2022-08-26,100.69470977783203
2022-08-29,100.3026351928711
2022-08-30,100.12838745117188
2022-08-31,99.23977661132812
2022-09-01,98.48802185058594
2022-09-02,99.07034301757812
2022-09-06,98.12625885009766
2022-09-07,98.53213500976562
2022-09-08,97.98509979248047
2022-09-09,98.02919006347656
2022-09-12,97.7380142211914
2022-09-13,97.44684600830078
2022-09-14,97.69391632080078
2022-09-15,97.19979095458984
2022-09-16,96.79389190673828
2022-09-19,96.35270690917969
2022-09-20,96.20272827148438
2022-09-21,96.38800048828125
2022-09-22,95.29389953613281
2022-09-23,94.88802337646484
2022-09-26,93.370361328125
2022-09-27,92.8762435913086
2022-09-28,94.51744842529297
2022-09-29,93.19390869140625
2022-09-30,92.55862426757812
2022-10-03,93.7497787475586
2022-10-04,94.12037658691406
2022-10-05,93.37920379638672
2022-10-06,93.07037353515625
2022-10-07,93.09685516357422
2022-10-10,92.56744384765625
2022-10-11,93.09685516357422
2022-10-12,93.28215789794922
2022-10-13,93.17625427246094
2022-10-14,93.25567626953125
2022-10-17,93.51156616210938
2022-10-18,93.26449584960938
2022-10-19,92.78801727294922
2022-10-20,92.69978332519531
2022-10-21,92.93801879882812
2022-10-24,93.15861511230469
2022-10-25,93.53801727294922
2022-10-26,93.39684295654297
2022-10-27,94.12037658691406
2022-10-28,94.00565338134766
2022-10-31,93.87332153320312
2022-11-01,93.85568237304688
2022-11-02,93.6438980102539
2022-11-03,92.60272979736328
2022-11-04,92.94683837890625
2022-11-07,93.06155395507812
2022-11-08,93.19390869140625
2022-11-09,92.99977111816406
2022-11-10,94.54389190673828
2022-11-11,94.4909439086914
2022-11-14,93.7939224243164
2022-11-15,94.4027099609375
2022-11-16,94.64095306396484
2022-11-17,93.99683380126953
2022-11-18,93.52037048339844
2022-11-21,94.01451873779297
2022-11-22,94.3939208984375
2022-11-23,94.91449737548828
2022-11-25,94.82624816894531
2022-11-28,94.60567474365234
2022-11-29,94.19979095458984
2022-11-30,95.59388732910156
2022-12-01,96.61956787109375
2022-12-02,97.33512115478516
2022-12-05,96.33684539794922
2022-12-06,96.3191909790039
2022-12-07,96.734375
2022-12-08,96.70787048339844
2022-12-09,95.78913116455078
2022-12-12,95.79796600341797
2022-12-13,96.08063507080078
2022-12-14,95.8421401977539
2022-12-15,95.85897827148438
2022-12-16,95.3449478149414
2022-12-19,95.01701354980469
2022-12-20,94.99041748046875
2022-12-21,95.50447082519531
2022-12-22,94.98157501220703
2022-12-23,94.76884460449219
2022-12-27,94.33457946777344
2022-12-28,94.2282485961914
2022-12-29,94.61820220947266
2022-12-30,94.33457946777344
2023-01-03,94.67137145996094
2023-01-04,94.7334213256836
2023-01-05,94.760009765625
2023-01-06,95.62854766845703
2023-01-09,95.85011291503906
2023-01-10,95.46013641357422
2023-01-11,95.86782836914062
2023-01-12,96.62114715576172
2023-01-13,95.86782836914062
2023-01-17,95.5931167602539
2023-01-18,96.2489242553711
2023-01-19,96.84272766113281
2023-01-20,96.29325866699219
2023-01-23,96.20462799072266
2023-01-24,96.75409698486328
2023-01-25,96.9490966796875
2023-01-26,96.94023132324219
2023-01-27,96.72750854492188
2023-01-30,96.25778198242188
2023-01-31,96.29325866699219
2023-02-01,96.94023132324219
2023-02-02,96.80728912353516
2023-02-03,95.9032974243164
2023-02-06,95.52217102050781
2023-02-07,95.77034759521484
2023-02-08,96.26667022705078
2023-02-09,95.77920532226562
2023-02-10,95.43356323242188
2023-02-13,95.5931167602539
2023-02-14,95.27404022216797
2023-02-15,95.27404022216797
2023-02-16,95.04362487792969
2023-02-17,95.22972869873047
2023-02-21,94.80433654785156
2023-02-22,94.75113677978516
2023-02-23,95.06134033203125
2023-02-24,94.4409408569336
2023-02-27,94.63593292236328
2023-02-28,94.99041748046875
2023-03-01,94.63593292236328
2023-03-02,94.70684051513672
2023-03-03,95.72602844238281
2023-03-06,95.21200561523438
2023-03-07,94.60932922363281
2023-03-08,94.15733337402344
2023-03-09,94.40547943115234
2023-03-10,95.79692077636719
2023-03-13,96.52367401123047
2023-03-14,95.9919204711914
2023-03-15,97.16180419921875
2023-03-16,96.06279754638672
2023-03-17,96.26667022705078
2023-03-20,96.35527038574219
2023-03-21,96.15144348144531
2023-03-22,97.47199249267578
2023-03-23,97.64923095703125
2023-03-24,97.4011001586914
2023-03-27,96.6388931274414
2023-03-28,96.94023132324219
2023-03-29,97.1263427734375
2023-03-30,97.22383117675781
2023-03-31,97.71125793457031
2023-04-03,97.88610076904297
2023-04-04,98.17001342773438
2023-04-05,98.40071105957031
2023-04-06,98.62252807617188
2023-04-10,97.92156219482422
2023-04-11,98.09015655517578
2023-04-12,98.1256332397461
2023-04-13,97.88610076904297
2023-04-14,97.46016693115234
2023-04-17,97.01651763916016
2023-04-18,97.11414337158203
2023-04-19,97.01651763916016
2023-04-20,97.32707214355469
2023-04-21,97.37145233154297
2023-04-24,97.74412536621094
2023-04-25,98.32086181640625
2023-04-26,97.97479248046875
2023-04-27,97.64652252197266
2023-04-28,97.7618637084961
2023-05-01,96.94933319091797
2023-05-02,97.68960571289062
2023-05-03,98.13556671142578
2023-05-04,98.10881805419922
2023-05-05,97.9125747680664
2023-05-08,97.54691314697266
2023-05-09,97.40421295166016
2023-05-10,97.72528839111328
2023-05-11,97.93933868408203
2023-05-12,97.5915298461914
2023-05-15,97.44879913330078
2023-05-16,97.19013977050781
2023-05-17,97.14556121826172
2023-05-18,96.82447052001953
2023-05-19,96.59259796142578
2023-05-22,96.41416931152344
2023-05-23,96.7085189819336
2023-05-24,96.40528106689453
2023-05-25,95.96826171875
2023-05-26,96.08416748046875
2023-05-30,96.46772766113281
2023-05-31,96.59259796142578
2023-06-01,96.7473373413086
2023-06-02,96.27323150634766
2023-06-05,96.3984603881836
2023-06-06,96.45214080810547
2023-06-07,96.00492095947266
2023-06-08,96.4789810180664
2023-06-09,96.21063995361328
2023-06-12,96.29114532470703
2023-06-13,95.79916381835938
2023-06-14,96.0406723022461
2023-06-15,96.64894104003906
2023-06-16,96.3984603881836
2023-06-20,96.60418701171875
2023-06-21,96.61315155029297
2023-06-22,96.27323150634766
2023-06-23,96.50580596923828
2023-06-26,96.55054473876953
2023-06-27,96.28219604492188
2023-06-28,96.4789810180664
2023-06-29,95.84387969970703
2023-06-30,96.26429748535156
2023-07-03,96.15105438232422
2023-07-05,95.69273376464844
2023-07-06,95.1894760131836
2023-07-07,95.12657165527344
2023-07-10,95.35121154785156
2023-07-11,95.2433853149414
2023-07-12,96.29483795166016
2023-07-13,96.78914642333984
2023-07-14,96.27688598632812
2023-07-17,96.4566421508789
2023-07-18,96.41168975830078
2023-07-19,96.74420928955078
2023-07-20,96.70825958251953
2023-07-21,96.70825958251953
2023-07-24,96.75318908691406
2023-07-25,96.58243560791016
2023-07-26,96.61839294433594
2023-07-27,95.90841674804688
2023-07-28,96.27688598632812
2023-07-31,96.30382537841797
2023-08-01,95.72840118408203
2023-08-02,95.55726623535156
2023-08-03,94.9629135131836
2023-08-04,95.88150024414062
2023-08-07,95.96253204345703
2023-08-08,95.94451141357422
2023-08-09,95.89948272705078
2023-08-10,95.4041976928711
2023-08-11,95.26911926269531
2023-08-14,95.07098388671875
2023-08-15,94.77381896972656
2023-08-16,94.49464416503906
2023-08-17,94.4676284790039
2023-08-18,94.62972259521484
2023-08-21,94.3775863647461
2023-08-22,94.53968811035156
2023-08-23,95.3951644897461
2023-08-24,94.9629135131836
2023-08-25,94.9449234008789
2023-08-28,94.99894714355469
2023-08-29,95.46723937988281
2023-08-30,95.32315063476562
2023-08-31,95.5212631225586
2023-09-01,95.02715301513672
2023-09-05,94.83747100830078
2023-09-06,94.69294738769531
2023-09-07,95.03619384765625
2023-09-08,95.25297546386719
2023-09-11,95.16265106201172
2023-09-12,95.20781707763672
2023-09-13,95.33427429199219
2023-09-14,95.18071746826172
2023-09-15,94.94584655761719
2023-09-18,95.14459228515625
2023-09-19,94.87358856201172
2023-09-20,94.67486572265625
2023-09-21,94.17807006835938
2023-09-22,94.50324249267578
2023-09-25,93.78961944580078
2023-09-26,93.55477905273438
2023-09-27,93.40122985839844
2023-09-28,93.8799819946289
2023-09-29,93.69026184082031
2023-10-02,93.12115478515625
2023-10-03,92.46067810058594
2023-10-04,92.8678207397461
2023-10-05,92.73208618164062
2023-10-06,92.39732360839844
2023-10-09,93.31114196777344
2023-10-10,93.34735870361328
2023-10-11,93.7635498046875
2023-10-12,93.16639709472656
2023-10-13,93.7726058959961
2023-10-16,93.50116729736328
2023-10-17,93.04877471923828
2023-10-18,92.84972381591797
2023-10-19,92.76830291748047
2023-10-20,93.04877471923828
2023-10-23,93.06686401367188
2023-10-24,93.1482925415039
2023-10-25,92.75923919677734
2023-10-26,93.25688171386719
2023-10-27,93.39259338378906
2023-10-30,93.24784088134766
2023-10-31,93.0125961303711
2023-11-01,93.8232192993164
2023-11-02,94.2503433227539
2023-11-03,94.73200988769531
2023-11-06,94.48664093017578
2023-11-07,94.74110412597656
2023-11-08,94.95012664794922
2023-11-09,94.15037536621094
2023-11-10,94.1867446899414
2023-11-13,94.12312316894531
2023-11-14,94.89559936523438
2023-11-15,94.48664093017578
2023-11-16,94.83197784423828
2023-11-17,94.93193817138672
2023-11-20,95.21366882324219
2023-11-21,95.01374816894531
2023-11-22,95.10460662841797
2023-11-24,94.70475006103516
2023-11-27,95.01374816894531
2023-11-28,95.38632202148438
2023-11-29,95.76803588867188
2023-11-30,95.59534454345703
2023-12-01,96.08366394042969
2023-12-04,95.68281555175781
2023-12-05,96.20207977294922
2023-12-06,96.30229949951172
2023-12-07,96.22029876708984
2023-12-08,96.10189056396484
2023-12-11,95.9014663696289
2023-12-12,95.8468017578125
2023-12-13,97.14952850341797
2023-12-14,98.21540832519531
2023-12-15,98.0514144897461
2023-12-18,97.7598876953125
2023-12-19,97.82366180419922
2023-12-20,98.21540832519531
2023-12-21,98.0514144897461
2023-12-22,97.860107421875
2023-12-26,97.9147720336914
2023-12-27,98.36116790771484
2023-12-28,98.04232788085938
2023-12-29,97.92388153076172
2024-01-02,97.7872543334961
2024-01-03,97.94210815429688
2024-01-04,97.48661804199219
2024-01-05,97.26795959472656
2024-01-08,97.53216552734375
2024-01-09,97.3408432006836
2024-01-10,97.25885009765625
2024-01-11,97.77812957763672
2024-01-12,98.19719696044922
2024-01-16,97.69612884521484
2024-01-17,97.39552307128906
2024-01-18,97.42284393310547
2024-01-19,97.49571990966797
2024-01-22,97.54126739501953
2024-01-23,97.22239685058594
2024-01-24,96.99467468261719
2024-01-25,97.3226318359375
2024-01-26,97.23152160644531
2024-01-29,97.65968322753906
2024-01-30,97.61414337158203
2024-01-31,98.25183868408203
2024-02-01,98.4249496459961
2024-02-02,97.47750091552734
2024-02-05,96.93090057373047
2024-02-06,97.25885009765625
2024-02-07,97.07665252685547
2024-02-08,97.00379180908203
2024-02-09,96.86712646484375
2024-02-12,96.90357208251953
2024-02-13,96.28409576416016
2024-02-14,96.69403076171875
2024-02-15,96.8124771118164
2024-02-16,96.71226501464844
2024-02-20,96.75780487060547
2024-02-21,96.64847564697266
2024-02-22,96.52095031738281
2024-02-23,96.76692962646484
2024-02-26,96.73046112060547
2024-02-27,96.61207580566406
2024-02-28,96.9217758178711
2024-02-29,97.22239685058594
2024-03-01,97.58682250976562
2024-03-04,97.50482940673828
2024-03-05,97.95121765136719
2024-03-06,97.98765563964844
2024-03-07,97.9330062866211
2024-03-08,98.0149917602539
2024-03-11,97.8418960571289
2024-03-12,97.65057373046875
2024-03-13,97.51394653320312
2024-03-14,96.9217758178711
2024-03-15,96.85802459716797
2024-03-18,96.76692962646484
2024-03-19,96.90357208251953
2024-03-20,97.28620147705078
2024-03-21,97.45928192138672
2024-03-22,97.79635620117188
2024-03-25,97.48661804199219
2024-03-26,97.51394653320312
2024-03-27,97.81459045410156
2024-03-28,97.85100555419922
2024-04-01,97.21746826171875
2024-04-02,97.24481964111328
2024-04-03,97.24481964111328
2024-04-04,97.60944366455078
2024-04-05,97.19924926757812
2024-04-08,97.16279602050781
2024-04-09,97.41803741455078
2024-04-10,96.47911834716797
2024-04-11,96.39707946777344
2024-04-12,96.73434448242188
2024-04-15,96.42443084716797
2024-04-16,96.03246307373047
2024-04-17,96.40618896484375
2024-04-18,96.278564453125
2024-04-19,96.42443084716797
2024-04-22,96.43355560302734
2024-04-23,96.52470397949219
2024-04-24,96.32412719726562
2024-04-25,96.17831420898438
2024-04-26,96.42443084716797
2024-04-29,96.66145324707031
2024-04-30,96.19651794433594
2024-05-01,96.35527038574219
2024-05-02,96.7039566040039
2024-05-03,97.199462890625
2024-05-06,97.2453384399414
2024-05-07,97.22698211669922
2024-05-08,97.11687469482422
2024-05-09,97.46556854248047
2024-05-10,97.3095932006836
2024-05-13,97.34626007080078
2024-05-14,97.52978515625
2024-05-15,98.0252914428711
2024-05-16,97.88763427734375
2024-05-17,97.7958984375
2024-05-20,97.75918579101562
2024-05-21,97.94268798828125
2024-05-22,97.9243392944336
2024-05-23,97.54813385009766
2024-05-24,97.66744995117188
2024-05-28,97.37378692626953
2024-05-29,97.14440155029297
2024-05-30,97.52061462402344
2024-05-31,97.9059829711914
2024-06-03,98.31896209716797
2024-06-04,98.62384796142578
2024-06-05,98.87328338623047
2024-06-06,98.79015350341797
2024-06-07,97.9771499633789
2024-06-10,97.83853912353516
2024-06-11,98.10647583007812
2024-06-12,98.2542953491211
2024-06-13,98.64232635498047
2024-06-14,98.7624282836914
2024-06-17,98.62384796142578
2024-06-18,99.02110290527344
2024-06-20,99.03958892822266
2024-06-21,98.89176940917969
2024-06-24,98.94721984863281
2024-06-25,99.06731414794922
2024-06-26,98.77167510986328
2024-06-27,98.9564437866211
2024-06-28,98.65157318115234
2024-07-01,98.25916290283203
2024-07-02,98.44468688964844
2024-07-03,98.83431243896484
2024-07-05,99.27959442138672
2024-07-08,99.24249267578125
2024-07-09,99.09404754638672
2024-07-10,99.27959442138672
2024-07-11,99.57646179199219
2024-07-12,99.73414611816406
2024-07-15,99.66921997070312
2024-07-16,99.97535705566406
2024-07-17,100.012451171875
2024-07-18,99.78982543945312
2024-07-19,99.54859924316406
2024-07-22,99.42802429199219
2024-07-23,99.37237548828125
2024-07-24,99.07550811767578
2024-07-25,99.31669616699219
2024-07-26,99.63211822509766
2024-07-29,99.73414611816406
2024-07-30,99.80836486816406
2024-07-31,100.35570526123047
2024-08-01,100.48856353759766
2024-08-02,100.97173309326172
2024-08-05,101.25977325439453
2024-08-06,100.67440795898438
2024-08-07,100.36776733398438
2024-08-08,100.27486419677734
2024-08-09,100.53502655029297
2024-08-12,100.80447387695312
2024-08-13,101.0181884765625
2024-08-14,100.96244812011719
2024-08-15,100.74872589111328
2024-08-16,100.71155548095703
2024-08-19,100.77662658691406
2024-08-20,101.17616271972656
2024-08-21,101.3991470336914
2024-08-22,101.08322143554688
2024-08-23,101.62213897705078
2024-08-26,101.63143920898438
2024-08-27,101.63143920898438
2024-08-28,101.62213897705078
2024-08-29,101.48275756835938
2024-08-30,101.15756225585938
2024-09-03,101.3620376586914
2024-09-04,101.63157653808594
2024-09-05,101.69661712646484
2024-09-06,101.76167297363281
2024-09-09,101.99402618408203
2024-09-10,102.21708679199219
2024-09-11,102.28215789794922
2024-09-12,102.30074310302734
2024-09-13,102.64460754394531
2024-09-16,102.99779510498047
2024-09-17,102.96062469482422
2024-09-18,102.57955169677734
2024-09-19,102.88627624511719
2024-09-20,102.74685668945312
2024-09-23,102.75615692138672
2024-09-24,103.00708770751953
2024-09-25,102.61674499511719
2024-09-26,102.48661804199219
2024-09-27,102.737548828125
2024-09-30,102.67249298095703
2024-10-01,103.00931549072266
2024-10-02,102.91629028320312
2024-10-03,102.47895812988281
2024-10-04,101.78113555908203
2024-10-07,101.66947174072266
2024-10-08,101.83695220947266
2024-10-09,101.65087890625
2024-10-10,101.85556030273438
2024-10-11,101.86488342285156
2024-10-14,101.76252746582031
2024-10-15,101.87417602539062
2024-10-16,101.8927993774414
2024-10-17,101.58576202392578
2024-10-18,101.75323486328125
2024-10-21,101.0181884765625
2024-10-22,101.15775299072266
2024-10-23,100.9065170288086
2024-10-24,101.00886535644531
2024-10-25,100.73905181884766
2024-10-28,100.54364776611328
2024-10-29,100.6925277709961
2024-10-30,100.88793182373047
2024-10-31,100.77626037597656
2024-11-01,100.34697723388672
2024-11-04,100.51459503173828
2024-11-05,100.60771179199219
2024-11-06,100.44940185546875
2024-11-07,100.82189178466797
2024-11-08,101.10125732421875
2024-11-11,100.76602172851562
2024-11-12,100.2352294921875
2024-11-13,100.04899597167969
2024-11-14,100.03034973144531
2024-11-15,100.05828857421875
2024-11-18,100.30042266845703
2024-11-19,100.45870971679688
2024-11-20,100.41214752197266
2024-11-21,100.28179168701172
2024-11-22,100.35626983642578
2024-11-25,100.90570831298828
2024-11-26,100.67290496826172
2024-11-27,100.989501953125
2024-11-29,101.27818298339844
2024-12-02,101.22221374511719
2024-12-03,101.26885986328125
2024-12-04,101.55803680419922
2024-12-05,101.43678283691406
2024-12-06,101.52071380615234
2024-12-09,101.33415222167969
2024-12-10,101.29684448242188
2024-12-11,101.14759826660156
2024-12-12,100.82109832763672
2024-12-13,100.54124450683594
2024-12-16,100.42931365966797
2024-12-17,100.3733139038086
2024-12-18,99.7380599975586
2024-12-19,99.3363265991211
2024-12-20,99.53253173828125
2024-12-23,99.4017333984375
2024-12-24,99.62596130371094
2024-12-26,99.62596130371094
2024-12-27,99.37371063232422
2024-12-30,99.66332244873047
2024-12-31,99.54186248779297
2025-01-02,99.69136047363281
2025-01-03,99.4858169555664
2025-01-06,99.4858169555664
2025-01-07,99.32699584960938
2025-01-08,99.58857727050781
2025-01-10,99.23359680175781
2025-01-13,99.23359680175781
2025-01-14,99.27095794677734
2025-01-15,99.96226501464844
2025-01-16,100.09307098388672
2025-01-17,100.13041687011719
2025-01-21,100.20516967773438
2025-01-22,100.09307098388672
2025-01-23,100.18647766113281
2025-01-24,100.36400604248047
2025-01-27,100.78438568115234
2025-01-28,100.84978485107422
2025-01-29,100.72832489013672
2025-01-30,100.83110809326172
2025-01-31,100.90585327148438
2025-02-03,101.139404296875
2025-02-04,101.30754852294922
2025-02-05,101.75598907470703
2025-02-06,101.5784912109375
2025-02-07,101.30754852294922
2025-02-10,101.35426330566406
2025-02-11,101.32625579833984
2025-02-12,100.71900939941406
2025-02-13,101.27952575683594
2025-02-14,101.46636962890625
2025-02-18,101.139404296875
2025-02-19,101.34492492675781
2025-02-20,101.55045318603516
2025-02-21,101.75598907470703
2025-02-24,101.9802017211914
2025-02-25,102.40995025634766
2025-02-26,102.4940185546875
2025-02-27,102.37257385253906
2025-02-28,103.08258819580078
2025-03-03,103.36286163330078
2025-03-04,102.99849700927734
2025-03-05,102.47533416748047
2025-03-06,102.42862701416016
2025-03-07,102.2604751586914
2025-03-10,102.71825408935547
2025-03-11,102.43798828125
2025-03-12,102.31652069091797
2025-03-13,102.46599578857422
2025-03-14,102.22309875488281
2025-03-17,102.25114440917969
2025-03-18,102.36324310302734
2025-03-19,102.88640594482422
2025-03-20,102.97982025146484
2025-03-21,102.8583755493164
2025-03-24,102.5967788696289
2025-03-25,102.76496124267578
2025-03-26,102.63416290283203
2025-03-27,102.84902954101562
2025-03-28,103.37220764160156
2025-03-31,103.78325653076172
2025-04-01,103.84814453125
2025-04-02,103.68830871582031
2025-04-03,104.33705139160156
2025-04-04,103.98918151855469
2025-04-07,102.73866271972656
2025-04-08,102.48478698730469
2025-04-09,102.70105743408203
2025-04-10,101.47876739501953
2025-04-11,101.51638793945312
2025-04-14,102.00528717041016
2025-04-15,101.99588012695312
2025-04-16,102.2779541015625
2025-04-17,102.51300048828125
2025-04-21,101.98648071289062
2025-04-22,102.36257934570312
2025-04-23,102.66345977783203
2025-04-24,103.20878601074219
2025-04-25,103.25579833984375
2025-04-28,103.61307525634766
2025-04-29,103.79171752929688
2025-04-30,103.91394805908203
2025-05-01,103.55965423583984
2025-05-02,103.02111053466797
2025-05-05,102.91719055175781
2025-05-06,103.2289810180664
2025-05-07,103.3329086303711
2025-05-08,102.96443176269531
2025-05-09,103.05889892578125
2025-05-12,102.25582885742188
2025-05-13,102.50147247314453
2025-05-14,102.39753723144531
2025-05-15,102.69043731689453
2025-05-16,102.86993408203125
2025-05-19,102.87940216064453
2025-05-20,102.72822570800781
2025-05-21,102.17079162597656
2025-05-22,102.47313690185547
2025-05-23,102.56761169433594
2025-05-27,102.86051177978516
2025-05-28,102.62430572509766
2025-05-29,102.91719055175781
2025-05-30,103.25731658935547
2025-06-02,102.90970611572266
2025-06-03,102.81499481201172
2025-06-04,103.2127914428711
2025-06-05,102.90970611572266
2025-06-06,102.3603286743164
2025-06-09,102.50241088867188
2025-06-10,102.54977416992188
2025-06-11,102.72026062011719
2025-06-12,103.01388549804688
2025-06-13,102.86233520507812
2025-06-16,102.72026062011719
2025-06-17,103.2601547241211
2025-06-18,103.33592987060547
2025-06-20,103.51588439941406
2025-06-23,103.60112762451172
2025-06-24,103.73373413085938
2025-06-25,103.79056549072266
2025-06-26,104.09365844726562
2025-06-27,103.9610595703125
2025-06-30,104.22627258300781
2025-07-01,104.16924285888672
2025-07-02,104.1217269897461
2025-07-03,103.94112396240234
2025-07-07,103.80806732177734
2025-07-08,103.72251892089844
2025-07-09,104.11221313476562
2025-07-10,104.08370208740234
2025-07-11,103.9126205444336
2025-07-14,103.97915649414062
2025-07-15,103.7035140991211
2025-07-16,104.05519104003906
2025-07-17,104.15023040771484
2025-07-18,104.26428985595703
2025-07-21,104.53041076660156
2025-07-22,104.6254653930664
2025-07-23,104.21676635742188
2025-07-24,104.29279327392578
2025-07-25,104.3878402709961
2025-07-28,104.25477600097656
2025-07-29,104.81554412841797
2025-07-30,104.40685272216797
2025-07-31,104.23577880859375
2025-08-01,104.96365356445312
2025-08-04,105.2685317993164
2025-08-05,105.17325592041016
2025-08-06,105.0875244140625
2025-08-07,105.20185089111328
2025-08-08,105.13514709472656
2025-08-11,105.13514709472656
2025-08-12,104.95414733886719
2025-08-13,105.35429382324219
2025-08-14,105.03988647460938
2025-08-15,104.83980560302734
2025-08-18,104.72547912597656
2025-08-19,104.83026885986328
2025-08-20,104.9446029663086
2025-08-21,104.96365356445312
2025-08-22,105.67822265625
2025-08-25,105.47813415527344
2025-08-26,105.72586059570312
2025-08-27,105.96404266357422
2025-08-28,106.03074645996094
2025-08-29,105.91641235351562
2025-09-02,105.72228240966797
2025-09-03,105.96135711669922
2025-09-04,106.12393188476562
2025-09-05,106.59253692626953
2025-09-08,106.81248474121094
2025-09-09,106.60209655761719
2025-09-10,106.7646713256836
2025-09-11,106.93682861328125
2025-09-12,106.7933578491211
2025-09-15,106.89856719970703
2025-09-16,106.99419403076172
2025-09-17,106.92725372314453
2025-09-18,106.63078308105469
2025-09-19,106.57341003417969
2025-09-22,106.31520080566406
2025-09-23,106.60209655761719
2025-09-24,106.41083526611328
2025-09-25,106.23867797851562
2025-09-26,106.25782012939453
2025-09-29,106.3917007446289
2025-09-30,106.3630142211914
2025-10-01,106.55270385742188
2025-10-02,106.50479888916016
2025-10-03,106.38983917236328
2025-10-06,106.20780944824219
2025-10-07,106.50479888916016
2025-10-08,106.5814437866211
2025-10-09,106.4569091796875
2025-10-10,106.83053588867188
2025-10-13,107.0987777709961
2025-10-14,106.98381805419922
2025-10-15,106.95508575439453
2025-10-16,107.20418548583984
2025-10-17,106.99340057373047
2025-10-20,107.08921813964844
2025-10-21,107.31912994384766
2025-10-22,107.49156951904297
2025-10-23,107.28082275390625
2025-10-24,107.271240234375
2025-10-27,107.24249267578125
2025-10-28,107.3287124633789
2025-10-29,106.76347351074219
2025-10-30,106.53353881835938
2025-10-31,106.70598602294922
2025-11-03,106.63005828857422
2025-11-04,106.6781234741211
2025-11-05,106.28404998779297
2025-11-06,106.57239532470703
2025-11-07,106.59162139892578
2025-11-10,106.61083984375
2025-11-11,107.04336547851562
2025-11-12,106.81267547607422
2025-11-13,106.57239532470703
2025-11-14,106.44744873046875
2025-11-17,106.46665954589844
2025-11-18,106.54356384277344
2025-11-19,106.40899658203125
2025-11-20,106.4570541381836
2025-11-21,106.70695495605469
2025-11-24,106.7550048828125
2025-11-25,106.9472427368164
2025-11-26,107.17791748046875
2025-11-28,106.93762969970703
2025-12-01,106.51541900634766
2025-12-02,106.54434967041016
2025-12-03,106.78533172607422
2025-12-04,106.64073944091797
2025-12-05,106.46723175048828
2025-12-08,106.25516510009766
2025-12-09,106.12020111083984
2025-12-10,106.46723175048828
2025-12-11,106.41902923583984
2025-12-12,106.25516510009766
2025-12-15,106.17804718017578
2025-12-16,106.19731903076172
2025-12-17,106.31299591064453
2025-12-18,106.51541900634766
2025-12-19,106.30464172363281
2025-12-22,106.1499252319336
2025-12-23,106.19827270507812
2025-12-24,106.42066192626953
2025-12-26,106.41099548339844
2025-12-29,106.5076904296875
2025-12-30,106.48834228515625
2025-12-31,106.27562713623047
2026-01-02,106.2272720336914
2026-01-05,106.51736450195312
2026-01-06,106.44000244140625
2026-01-07,106.60438537597656
2026-01-08,106.39165496826172
2026-01-09,106.53668975830078
2026-01-12,106.53668975830078
2026-01-13,106.63339233398438
2026-01-14,106.74942016601562
2026-01-15,106.58504486083984
2026-01-16,106.38198852539062
2026-01-20,106.06290435791016
2026-01-21,106.47868347167969
2026-01-22,106.37232971191406
2026-01-23,106.58504486083984
2026-01-26,106.73008728027344
2026-01-27,106.73976135253906
2026-01-28,106.78810119628906
2026-01-29,106.8654556274414
2026-01-30,106.8267822265625
2026-02-02,106.54637908935547
2026-02-03,106.72041320800781
2026-02-04,106.60438537597656
2026-02-05,106.90412902832031
2026-02-06,107.010498046875
2026-02-09,107.09752655029297
2026-02-10,107.31991577148438
2026-02-11,107.14585876464844
2026-02-12,107.5713119506836
2026-02-13,107.70669555664062
2026-02-17,107.55197143554688
2026-02-18,107.48430633544922
2026-02-19,107.5713119506836
2026-02-20,107.5133056640625
2026-02-23,107.61000061035156
2026-02-24,107.62933349609375
2026-02-25,107.72603607177734
2026-02-26,108.01610565185547
2026-02-27,108.18048095703125
2026-03-02,107.88072967529297
2026-03-03,107.81304168701172
2026-03-04,107.5713119506836
2026-03-05,107.54231262207031
2026-03-06,107.745361328125
2026-03-09,107.9194107055664
2026-03-10,107.5616455078125
2026-03-11,107.39726257324219
2026-03-12,107.26189422607422
2026-03-13,107.0491714477539
2026-03-16,107.3875961303711
2026-03-17,107.76469421386719
2026-03-18,107.5616455078125
2026-03-19,107.43594360351562
2026-03-20,106.57537841796875
2026-03-23,106.54637908935547
2026-03-24,106.19827270507812
2026-03-25,106.51736450195312
2026-03-26,106.13058471679688
2026-03-27,106.0435562133789
2026-03-30,106.7010726928711
2026-03-31,106.71074676513672
2026-04-01,106.71074676513672
2026-04-02,107.14585876464844
2026-04-06,107.09752655029297
2026-04-07,107.22322082519531
2026-04-08,107.24256134033203
2026-04-09,107.29090881347656
2026-04-10,107.34892272949219
2026-04-13,107.6003189086914
2026-04-14,107.84205627441406
2026-04-15,107.745361328125
2026-04-16,107.5133056640625
2026-04-17,107.79371643066406
2026-04-20,107.72603607177734
2026-04-21,107.54231262207031
2026-04-22,107.70669555664062
2026-04-23,107.88072967529297
2026-04-24,108.10313415527344
2026-04-27,108.0741195678711
2026-04-28,108.03544616699219
2026-04-29,107.70669555664062
2026-04-30,107.87106323242188
2026-05-01,108.21217346191406
2026-05-04,108.01780700683594
2026-05-05,107.94005584716797
2026-05-06,108.01780700683594
2026-05-07,107.90119171142578
2026-05-08,108.2607650756836
2026-05-11,108.17329406738281
2026-05-12,107.98865509033203
2026-05-13,107.98865509033203
2026-05-14,107.88175201416016
2026-05-15,107.4930191040039
2026-05-18,107.36669158935547
2026-05-19,107.00711059570312
2026-05-20,107.25978088378906
2026-05-21,107.25978088378906
2026-05-22,107.2695083618164
2026-05-26,107.69710540771484
2026-05-27,107.75541687011719
2026-05-28,108.04695892333984
2026-05-29,108.07611083984375
2026-06-01,108.1233139038086
2026-06-02,108.11347198486328
2026-06-03,107.91685485839844
2026-06-04,107.92668151855469
2026-06-05,107.40563201904297
2026-06-08,107.28765869140625
2026-06-09,107.47444915771484
2026-06-10,107.36630249023438
2026-06-11,107.74971771240234
2026-06-12,107.75955963134766
2026-06-15,107.90702056884766
2026-06-16,107.90702056884766
2026-06-17,107.18934631347656
2026-06-18,107.54326629638672
2026-06-22,107.10086822509766
2026-06-23,107.06153869628906
2026-06-24,107.47444915771484
2026-06-25,107.65141296386719
2026-06-26,107.84803771972656
2026-06-29,108.04466247558594
2026-06-30,107.58259582519531
2026-07-01,107.38206481933594
2026-07-02,107.54090118408203
2026-07-06,107.6997299194336
2026-07-07,107.38206481933594
2026-07-08,107.262939453125
2026-07-09,107.33243560791016
2026-07-10,107.34235382080078
2026-07-13,107.12396240234375
2026-07-14,107.22323608398438
2026-07-15,107.28279113769531
2026-07-16,107.18352508544922
2026-07-17,107.48133087158203
2026-07-20,107.262939453125
2026-07-21,107.09417724609375
2026-07-22,106.98497772216797
2026-07-23,106.70701599121094
2026-07-24,106.71694946289062
2026-07-27,106.60774993896484
2026-07-28,106.87578582763672
2026-07-29,106.98497772216797
2026-07-30,106.95519256591797
2026-07-31,106.84599304199219
2026-08-03,106.86000061035156
2026-08-04,107.05000305175781
2026-08-05,107.0
2026-08-06,106.87000274658203
2026-08-07,107.08000183105469
2026-08-10,106.86000061035156
2026-08-11,106.88999938964844
2026-08-12,106.91999816894531
2026-08-13,107.16000366210938
2026-08-14,106.98999786376953
2026-08-17,106.7699966430664
2026-08-18,107.0199966430664
2026-08-19,107.51000213623047
2026-08-20,107.5199966430664
2026-08-21,107.12999725341797
2026-08-24,107.25
2026-08-25,107.63999938964844
2026-08-26,107.51000213623047
2026-08-27,107.44000244140625
2026-08-28,106.94000244140625
2026-08-31,106.81999969482422
2026-09-01,106.80999755859375
2026-09-02,106.86000061035156
2026-09-03,107.0
2026-09-04,106.97000122070312
2026-09-08,107.05000305175781
2026-09-09,106.80000305175781
2026-09-10,106.33000183105469
2026-09-11,105.83999633789062
2026-09-14,105.81999969482422
2026-09-15,105.79000091552734
2026-09-16,105.38999938964844
2026-09-17,105.70999908447266
2026-09-18,105.2699966430664
2026-09-21,105.68000030517578
2026-09-22,105.55999755859375
2026-09-23,104.80999755859375
2026-09-24,104.30000305175781
2026-09-25,104.54000091552734
2026-09-28,104.08999633789062
2026-09-29,104.01000213623047
2026-09-30,104.04000091552734
