{
  "USYield": {
    "DGS1": 3.65,
    "DGS2": 3.56,
    "DGS10": 4.08,
    "DGS1MO": 4.03,
    "DGS3MO": 3.95,
    "DGS6MO": 3.78,
    "DGS3": 3.55,
    "DGS5": 3.68,
    "DGS7": 3.86,
    "DGS20": 4.65,
    "DGS30": 4.67
  },
  "code_to_years": {
    "DGS1MO": 0.0833,
    "DGS3MO": 0.25,
    "DGS6MO": 0.5,
    "DGS1": 1,
    "DGS2": 2,
    "DGS3": 3,
    "DGS5": 5,
    "DGS7": 7,
    "DGS10": 10,
    "DGS20": 20,
    "DGS30": 30
  },
  "OECD_Yield": {
    "United States": 4.12,
    "Germany": 2.6933333333333302,
    "France": 3.51,
    "Italy": 3.5589999999999997,
    "United Kingdom": 4.6885,
    "Japan": 1.645,
    "Spain": 3.27,
    "Portugal": 3.13,
    "Greece": 3.39
  },
  "OECD_10Y": {
    "United States": "IRLTLT01USM156N",
    "Germany": "IRLTLT01DEM156N",
    "France": "IRLTLT01FRM156N",
    "Italy": "IRLTLT01ITM156N",
    "United Kingdom": "IRLTLT01GBM156N",
    "Japan": "IRLTLT01JPM156N",
    "Spain": "IRLTLT01ESM156N",
    "Portugal": "IRLTLT01PTM156N",
    "Greece": "IRLTLT01GRM156N"
  }
}